660597/9865;250;382;8
104037/7790;250;382;8
735508/2866;250;382;8
674278/6122;250;382;8
380329/4970;250;366;8
169100/8861;250;366;8
708216/4570;250;366;8
658700/9809;250;366;8
658973/6923;250;390;8
500731/5601;250;390;8
879401/1721;250;390;8
544859/4783;250;390;8
426864/1123;250;358;8
244426/4572;250;358;8
810056/8559;250;358;8
193386/6483;250;358;8
377334/7290;250;374;8
320875/1080;250;374;8
938304/2732;250;374;8
772585/7439;250;374;8
899660/7809;250;386;8
242476/9385;250;386;8
957249/9507;250;386;8
946743/2685;250;386;8
327895/9285;250;394;8
302639/5363;250;394;8
824865/2616;250;394;8
463044/3179;250;394;8
741378/4948;250;354;8
309971/2952;250;354;8
892956/2661;250;354;8
391307/8108;250;354;8
683849/9191;250;362;8
276896/1934;250;362;8
970568/5153;250;362;8
730822/6973;250;362;8
631863/7741;250;370;8
557862/7860;250;370;8
964404/9350;250;370;8
439583/1301;250;370;8
429069/6798;250;378;8
309758/9593;250;378;8
698245/1895;250;378;8
206311/1464;250;378;8
728688/3075;250;384;8
562338/2808;250;384;8
866052/1002;250;384;8
109330/5530;250;384;8
425257/9141;250;388;8
322483/1712;250;388;8
707816/3926;250;388;8
880968/4336;250;388;8
282231/2734;250;392;8
261992/3574;250;392;8
587616/3698;250;392;8
617676/8790;250;392;8
616171/1426;250;398;8
257154/3380;250;398;8
657876/3137;250;398;8
637770/6048;250;398;8
238277/7062;250;352;8
190589/4362;250;352;8
801035/2347;250;352;8
737879/8669;250;352;8
505835/7591;250;356;8
177883/8330;250;356;8
519534/5709;250;356;8
237007/8061;250;356;8
494606/8333;250;360;8
204256/2740;250;360;8
636261/3452;250;360;8
678920/2546;250;360;8
327932/4121;250;364;8
270751/4239;250;364;8
625988/2027;250;364;8
566784/3374;250;364;8
461980/2569;250;368;8
237875/2636;250;368;8
616515/9887;250;368;8
631984/3499;250;368;8
556926/8065;250;372;8
243327/2305;250;372;8
818275/6629;250;372;8
766856/4743;250;372;8
827729/6835;250;376;8
298383/4376;250;376;8
914380/2587;250;376;8
577918/5155;250;376;8
410277/5528;250;380;8
206451/5143;250;380;8
544905/3943;250;380;8
489836/4835;250;380;8
950494/7372;250;383;8
367042/1298;250;383;8
959052/1830;250;383;8
435288/9991;250;383;8
667682/1326;250;385;8
275790/8340;250;385;8
933189/5274;250;385;8
832706/4478;250;385;8
579826/8006;250;387;8
434958/6056;250;387;8
712285/7725;250;387;8
101199/3863;250;387;8
939026/2806;250;389;8
741666/2772;250;389;8
947718/1024;250;389;8
536255/2158;250;389;8
377537/9061;250;391;8
187639/2275;250;391;8
558257/7459;250;391;8
702502/3900;250;391;8
539550/3785;250;393;8
519791/4457;250;393;8
578020/8597;250;393;8
703956/1462;250;393;8
875689/5597;250;396;8
266795/6755;250;396;8
978678/4057;250;396;8
645977/7189;250;396;8
622028/9505;250;399;8
283430/4862;250;399;8
899754/5931;250;399;8
352694/6438;250;399;8
697076/1194;250;351;8
202387/2566;250;351;8
929848/6305;250;351;8
942878/8533;250;351;8
331926/7220;250;353;8
186767/9472;250;353;8
693099/5620;250;353;8
658786/2979;250;353;8
620357/8815;250;355;8
433945/1622;250;355;8
956512/9104;250;355;8
857427/6586;250;355;8
636108/5621;250;357;8
176915/3205;250;357;8
726097/7114;250;357;8
954125/9619;250;357;8
702184/4028;250;359;8
197329/9657;250;359;8
895394/8341;250;359;8
360305/6112;250;359;8
396791/3871;250;361;8
260715/4596;250;361;8
412434/4694;250;361;8
435059/8264;250;361;8
671960/6725;250;363;8
411112/2930;250;363;8
676218/1158;250;363;8
280803/3895;250;363;8
806149/2301;250;365;8
597893/8749;250;365;8
911941/3220;250;365;8
876846/8986;250;365;8
284393/1570;250;367;8
265373/4320;250;367;8
290397/2970;250;367;8
309051/3831;250;367;8
692612/4638;250;369;8
344351/7281;250;369;8
813666/3126;250;369;8
545404/9853;250;369;8
613128/3554;250;371;8
498678/1840;250;371;8
985874/3625;250;371;8
611166/9351;250;371;8
390050/6800;250;373;8
218612/3791;250;373;8
985226/9294;250;373;8
939142/6787;250;373;8
704809/7763;250;375;8
519517/2298;250;375;8
774274/8044;250;375;8
908513/7842;250;375;8
544525/9292;250;377;8
159581/7015;250;377;8
727880/7959;250;377;8
814511/9575;250;377;8
156075/5483;250;379;8
115209/1047;250;379;8
705878/5036;250;379;8
286712/6744;250;379;8
329190/6128;250;381;8
304408/5642;250;381;8
732708/6566;250;381;8
164918/4472;250;381;8
494414/7253;250;395;8
366222/5236;250;395;8
511820/4877;250;395;8
520318/1421;250;395;8
587502/4596;250;397;8
528490/8121;250;397;8
819124/2725;250;397;8
273673/6125;250;397;8
820592/9475;250;400;8
547057/8436;250;400;8
908955/8464;250;400;8
785911/5155;250;400;8
572603/9823;250;182;4
386788/4688;250;182;4
930898/7555;250;182;4
454512/8267;250;182;4
374488/1312;250;166;4
118495/4541;250;166;4
676294/5646;250;166;4
282073/3865;250;166;4
576399/6392;250;190;4
307904/5253;250;190;4
879691/4491;250;190;4
904673/2070;250;190;4
455385/1941;250;158;4
263392/6781;250;158;4
660439/5207;250;158;4
402165/1255;250;158;4
379203/1834;250;174;4
247779/8212;250;174;4
780903/7434;250;174;4
304739/1159;250;174;4
296137/9420;250;186;4
261865/6223;250;186;4
952905/4613;250;186;4
458542/5110;250;186;4
720236/7365;250;194;4
614191/9889;250;194;4
844699/3178;250;194;4
361391/5219;250;194;4
335472/4706;250;154;4
299672/7685;250;154;4
599964/4487;250;154;4
638719/6067;250;154;4
740368/5529;250;162;4
356554/8575;250;162;4
851453/5278;250;162;4
930544/9502;250;162;4
657242/4279;250;170;4
316960/2447;250;170;4
983608/7526;250;170;4
215186/9104;250;170;4
627655/6712;250;178;4
487655/9284;250;178;4
689082/8126;250;178;4
246168/2985;250;178;4
445103/7015;250;184;4
267293/9069;250;184;4
877767/4354;250;184;4
768963/2326;250;184;4
621549/7529;250;188;4
190357/7561;250;188;4
779655/8154;250;188;4
729260/9360;250;188;4
440965/3643;250;192;4
164032/4948;250;192;4
917426/1365;250;192;4
469168/2081;250;192;4
355788/6343;250;198;4
301520/2194;250;198;4
769953/6583;250;198;4
811990/8019;250;198;4
763788/3966;250;152;4
413781/9086;250;152;4
900790/4752;250;152;4
962175/6159;250;152;4
527258/1927;250;156;4
431486/3552;250;156;4
655191/4188;250;156;4
162302/5005;250;156;4
770681/6121;250;160;4
526634/3558;250;160;4
937737/1673;250;160;4
940326/9184;250;160;4
690121/4660;250;164;4
446440/3751;250;164;4
760578/5329;250;164;4
423250/4074;250;164;4
679497/1922;250;168;4
118706/9285;250;168;4
992850/9210;250;168;4
359099/9303;250;168;4
375891/4893;250;172;4
190414/7188;250;172;4
971558/7453;250;172;4
372911/4500;250;172;4
858842/4959;250;176;4
792668/5062;250;176;4
935870/8396;250;176;4
258913/5034;250;176;4
508450/6176;250;180;4
196548/1205;250;180;4
515295/1053;250;180;4
169805/9323;250;180;4
614879/5574;250;183;4
431437/6615;250;183;4
776677/7301;250;183;4
580092/7360;250;183;4
563352/2791;250;185;4
435547/6744;250;185;4
767984/8385;250;185;4
735721/2547;250;185;4
322126/5034;250;187;4
256877/3777;250;187;4
582427/6549;250;187;4
266226/1435;250;187;4
769171/1543;250;189;4
334597/7201;250;189;4
918936/6389;250;189;4
153755/3677;250;189;4
894656/9326;250;191;4
194765/4448;250;191;4
999884/2568;250;191;4
136619/5396;250;191;4
660979/4827;250;193;4
637954/9020;250;193;4
990942/7593;250;193;4
586595/7553;250;193;4
697566/4358;250;196;4
649895/8340;250;196;4
715061/7185;250;196;4
838467/3545;250;196;4
586251/2882;250;199;4
132312/3045;250;199;4
969220/4997;250;199;4
416050/3288;250;199;4
171727/1172;250;151;4
131207/1053;250;151;4
856565/7672;250;151;4
493712/7818;250;151;4
694319/3040;250;153;4
580987/6129;250;153;4
854881/8804;250;153;4
815244/9086;250;153;4
769023/3208;250;155;4
214024/7862;250;155;4
890998/6965;250;155;4
774965/2229;250;155;4
550308/1408;250;157;4
499879/8092;250;157;4
712987/1627;250;157;4
601842/5933;250;157;4
841906/7229;250;159;4
308450/1835;250;159;4
909051/5517;250;159;4
193606/4856;250;159;4
767286/3049;250;161;4
145311/8225;250;161;4
943094/3877;250;161;4
550675/5464;250;161;4
763567/7595;250;163;4
346043/5560;250;163;4
967371/6818;250;163;4
404975/3906;250;163;4
447626/5723;250;165;4
432447/5500;250;165;4
457479/5634;250;165;4
209038/4067;250;165;4
680184/3210;250;167;4
273640/4594;250;167;4
805704/5871;250;167;4
151859/4326;250;167;4
633156/1928;250;169;4
523390/4534;250;169;4
847157/6282;250;169;4
478626/6440;250;169;4
872799/2982;250;171;4
161763/5740;250;171;4
884868/2475;250;171;4
638410/4810;250;171;4
432947/9284;250;173;4
409738/1893;250;173;4
796598/6837;250;173;4
796951/1982;250;173;4
451881/4070;250;175;4
234430/3950;250;175;4
843429/4659;250;175;4
861115/3559;250;175;4
805521/5923;250;177;4
295042/7464;250;177;4
844240/7720;250;177;4
817200/6928;250;177;4
538798/2589;250;179;4
516123/4879;250;179;4
971168/2383;250;179;4
108714/5309;250;179;4
233749/2806;250;181;4
151449/8203;250;181;4
900250/2496;250;181;4
145393/7834;250;181;4
589827/9306;250;195;4
336609/1358;250;195;4
923011/1641;250;195;4
660610/4691;250;195;4
572074/8478;250;197;4
402031/7556;250;197;4
976087/4250;250;197;4
991251/3347;250;197;4
518941/8866;250;200;4
269202/5528;250;200;4
933012/1265;250;200;4
962762/5500;250;200;4
442268/5272;250;782;16
422248/1858;250;782;16
634057/7292;250;782;16
486826/1174;250;782;16
552485/4201;250;766;16
461785/7599;250;766;16
613641/9901;250;766;16
545321/8672;250;766;16
559010/5666;250;790;16
358191/6026;250;790;16
912333/8872;250;790;16
299037/2170;250;790;16
592381/9472;250;758;16
460900/5855;250;758;16
918043/3370;250;758;16
494443/3473;250;758;16
762171/2800;250;774;16
517135/4804;250;774;16
978075/1160;250;774;16
307742/1057;250;774;16
681416/3951;250;786;16
496317/4317;250;786;16
697563/6483;250;786;16
527188/6795;250;786;16
570991/1084;250;794;16
275338/5842;250;794;16
741016/1900;250;794;16
657275/6143;250;794;16
468874/6409;250;754;16
225439/7200;250;754;16
692752/5113;250;754;16
791816/7358;250;754;16
680651/7004;250;762;16
347262/5594;250;762;16
833961/1329;250;762;16
867348/2316;250;762;16
793236/4219;250;770;16
102482/3989;250;770;16
947055/2097;250;770;16
941542/9112;250;770;16
397094/9881;250;778;16
328004/5057;250;778;16
505604/6986;250;778;16
264779/5863;250;778;16
568213/2567;250;784;16
127421/2689;250;784;16
653611/5492;250;784;16
772663/8277;250;784;16
653176/9017;250;788;16
413545/5542;250;788;16
973216/3019;250;788;16
168811/1496;250;788;16
469517/3777;250;792;16
428041/6033;250;792;16
817685/7561;250;792;16
523363/8476;250;792;16
394249/8876;250;798;16
127663/9971;250;798;16
840568/2334;250;798;16
333178/6332;250;798;16
562742/4125;250;752;16
133156/5688;250;752;16
732481/7281;250;752;16
344196/1026;250;752;16
602424/1713;250;756;16
191607/5308;250;756;16
731171/4449;250;756;16
490348/9370;250;756;16
445755/9856;250;760;16
317685/4612;250;760;16
829777/9658;250;760;16
288727/4782;250;760;16
477807/6433;250;764;16
117143/8265;250;764;16
588021/3414;250;764;16
564582/7788;250;764;16
609789/4703;250;768;16
398650/2496;250;768;16
987316/5877;250;768;16
628516/2210;250;768;16
839432/9627;250;772;16
281130/5212;250;772;16
993779/1622;250;772;16
214372/8235;250;772;16
474312/7929;250;776;16
201768/2684;250;776;16
663457/8271;250;776;16
567394/4688;250;776;16
101585/8226;250;780;16
100178/6669;250;780;16
434759/9835;250;780;16
626614/1452;250;780;16
411841/5580;250;783;16
123207/6944;250;783;16
745057/3131;250;783;16
414248/4445;250;783;16
835428/8655;250;785;16
178319/9368;250;785;16
946665/3295;250;785;16
326849/9841;250;785;16
634211/1618;250;787;16
433530/7777;250;787;16
736428/3394;250;787;16
220436/5394;250;787;16
479356/4594;250;789;16
176958/4053;250;789;16
935022/1441;250;789;16
395720/5270;250;789;16
481365/2706;250;791;16
138391/4242;250;791;16
939941/9315;250;791;16
170085/8868;250;791;16
577542/9900;250;793;16
426562/1456;250;793;16
699980/5281;250;793;16
751538/6645;250;793;16
247939/4088;250;796;16
113591/8432;250;796;16
316842/8471;250;796;16
955880/9991;250;796;16
771841/4762;250;799;16
567098/3380;250;799;16
880926/8223;250;799;16
223716/1491;250;799;16
579455/7693;250;751;16
353640/6138;250;751;16
775622/3370;250;751;16
223365/5978;250;751;16
501108/1423;250;753;16
500293/7623;250;753;16
511945/6404;250;753;16
890294/4635;250;753;16
799646/2992;250;755;16
136092/7698;250;755;16
823250/2074;250;755;16
475933/4661;250;755;16
470458/3194;250;757;16
374249/6190;250;757;16
659326/4459;250;757;16
928898/1187;250;757;16
900203/1490;250;759;16
871806/2116;250;759;16
944477/5956;250;759;16
576498/7271;250;759;16
579668/7258;250;761;16
191705/2969;250;761;16
948195/3430;250;761;16
680239/6075;250;761;16
634096/5777;250;763;16
612193/6612;250;763;16
706030/3322;250;763;16
932259/3652;250;763;16
611998/8795;250;765;16
512016/4354;250;765;16
701201/3376;250;765;16
294708/9436;250;765;16
853745/6302;250;767;16
418506/1783;250;767;16
928461/6845;250;767;16
918455/9160;250;767;16
423001/4545;250;769;16
389033/4218;250;769;16
531319/5716;250;769;16
756789/2998;250;769;16
370149/9333;250;771;16
171772/2538;250;771;16
383926/7982;250;771;16
866246/4738;250;771;16
764634/8577;250;773;16
484768/3468;250;773;16
797326/1285;250;773;16
926033/1596;250;773;16
186975/8799;250;775;16
128434/8104;250;775;16
934457/6241;250;775;16
836561/4533;250;775;16
427174/8537;250;777;16
310500/4719;250;777;16
793675/7613;250;777;16
316467/8786;250;777;16
723975/3478;250;779;16
429641/6080;250;779;16
787212/2600;250;779;16
150610/3481;250;779;16
842777/8486;250;781;16
275721/6782;250;781;16
994432/4885;250;781;16
739541/8497;250;781;16
313113/9890;250;795;16
190536/4674;250;795;16
820717/2255;250;795;16
293597/9045;250;795;16
572819/1974;250;797;16
417010/9668;250;797;16
859650/7754;250;797;16
209065/5387;250;797;16
507317/2821;250;800;16
207890/7018;250;800;16
858546/8528;250;800;16
366615/6372;250;800;16
569633/2167;250;51;2
287872/5313;250;51;2
820183/3371;250;51;2
448586/5064;250;51;2
327117/3512;250;32;2
209308/1965;250;32;2
945325/7844;250;32;2
268557/9064;250;32;2
630193/3303;250;82;2
345363/6656;250;82;2
712156/5263;250;82;2
908723/1735;250;82;2
325833/9895;250;16;2
247161/8361;250;16;2
719046/4264;250;16;2
517767/4543;250;16;2
398870/7849;250;40;2
243767/7787;250;40;2
541790/2617;250;40;2
656985/5622;250;40;2
570107/9525;250;66;2
402873/1415;250;66;2
809075/4037;250;66;2
606175/8824;250;66;2
841998/2329;250;90;2
632736/5942;250;90;2
843467/9494;250;90;2
717390/8617;250;90;2
188602/8793;250;8;2
121423/6612;250;8;2
959104/6668;250;8;2
699943/4877;250;8;2
856765/4065;250;24;2
710979/8004;250;24;2
972626/9381;250;24;2
914037/6620;250;24;2
743112/1559;250;36;2
587189/8746;250;36;2
779646/3440;250;36;2
814346/1363;250;36;2
538307/2477;250;44;2
130082/1958;250;44;2
649494/3037;250;44;2
462989/6129;250;44;2
822992/2276;250;58;2
407270/9177;250;58;2
999280/7154;250;58;2
995136/8303;250;58;2
656014/5127;250;74;2
544189/1849;250;74;2
886597/5566;250;74;2
256727/5807;250;74;2
736597/8840;250;86;2
736364/5026;250;86;2
764419/7974;250;86;2
174764/2100;250;86;2
876407/3420;250;94;2
227156/7414;250;94;2
971717/4953;250;94;2
861228/9932;250;94;2
513497/5494;250;4;2
470454/4683;250;4;2
939394/6540;250;4;2
972517/1225;250;4;2
612098/5500;250;12;2
135649/7053;250;12;2
789004/3481;250;12;2
332695/5016;250;12;2
258484/3211;250;20;2
189536/6447;250;20;2
848399/5968;250;20;2
340736/2032;250;20;2
941694/3877;250;28;2
129351/6023;250;28;2
991595/3797;250;28;2
547787/7305;250;28;2
628336/3258;250;34;2
104584/9036;250;34;2
781862/5865;250;34;2
210596/1376;250;34;2
679091/4270;250;38;2
308400/2384;250;38;2
699563/1508;250;38;2
700366/9430;250;38;2
822265/5849;250;42;2
326901/6694;250;42;2
915939/5294;250;42;2
177716/5369;250;42;2
492345/3991;250;48;2
452858/2241;250;48;2
816039/3110;250;48;2
263905/5231;250;48;2
482228/7410;250;54;2
453322/3727;250;54;2
992892/8244;250;54;2
476469/4626;250;54;2
691908/8484;250;62;2
254629/4097;250;62;2
836412/4416;250;62;2
140462/3094;250;62;2
295556/7169;250;70;2
201417/8146;250;70;2
706136/6839;250;70;2
710752/8834;250;70;2
585352/1034;250;78;2
490518/6377;250;78;2
656244/6223;250;78;2
709735/3332;250;78;2
478144/6768;250;84;2
272206/4916;250;84;2
557566/1188;250;84;2
422969/2552;250;84;2
322602/4691;250;88;2
128896/5758;250;88;2
559797/9164;250;88;2
795452/9458;250;88;2
551899/1049;250;92;2
487485/3401;250;92;2
857553/6472;250;92;2
394960/6580;250;92;2
591383/7116;250;98;2
365070/6628;250;98;2
760369/7403;250;98;2
691567/1919;250;98;2
851772/2519;250;2;2
808778/6405;250;2;2
939445/5343;250;2;2
158810/9548;250;2;2
603670/1461;250;6;2
226727/2768;250;6;2
670287/9470;250;6;2
816433/6160;250;6;2
363537/9565;250;10;2
284665/3499;250;10;2
684565/3705;250;10;2
855278/2088;250;10;2
638822/6072;250;14;2
332535/8571;250;14;2
664195/1758;250;14;2
405386/6199;250;14;2
627714/4398;250;18;2
433886/6300;250;18;2
676147/7467;250;18;2
931388/4627;250;18;2
433683/9092;250;22;2
137026/7512;250;22;2
963745/3431;250;22;2
520193/6745;250;22;2
423655/6934;250;26;2
109107/4889;250;26;2
751915/6989;250;26;2
244027/8360;250;26;2
457083/7347;250;30;2
331717/2883;250;30;2
981443/2156;250;30;2
177761/1811;250;30;2
156245/9968;250;33;2
104003/5857;250;33;2
200669/8190;250;33;2
789814/5523;250;33;2
369611/7588;250;35;2
176856/6482;250;35;2
606670/5347;250;35;2
921923/1831;250;35;2
530497/6472;250;37;2
512813/7894;250;37;2
980401/8726;250;37;2
304638/4560;250;37;2
876249/7233;250;39;2
875221/6328;250;39;2
899626/9402;250;39;2
773412/5381;250;39;2
458225/9829;250;41;2
452530/4059;250;41;2
862487/2571;250;41;2
907600/1117;250;41;2
920822/3850;250;43;2
318571/9653;250;43;2
941187/1290;250;43;2
102976/1780;250;43;2
757745/8519;250;46;2
130665/5833;250;46;2
887296/5546;250;46;2
761004/2972;250;46;2
706230/6653;250;49;2
174504/8065;250;49;2
783476/3116;250;49;2
966168/6112;250;49;2
916106/9792;250;52;2
109532/3348;250;52;2
922940/7575;250;52;2
952979/9101;250;52;2
379457/1807;250;56;2
206414/4258;250;56;2
743373/8046;250;56;2
546516/6482;250;56;2
518408/4583;250;60;2
389131/1671;250;60;2
655085/4183;250;60;2
896758/8314;250;60;2
567601/2477;250;64;2
392730/9411;250;64;2
852269/9949;250;64;2
161244/7802;250;64;2
727355/8804;250;68;2
144438/1897;250;68;2
750420/2224;250;68;2
138319/2127;250;68;2
411304/2692;250;72;2
339284/8449;250;72;2
625796/7291;250;72;2
721781/3277;250;72;2
687682/3779;250;76;2
516129/9326;250;76;2
881873/1160;250;76;2
510483/6366;250;76;2
483530/6602;250;80;2
177324/5039;250;80;2
929794/8878;250;80;2
221555/5525;250;80;2
766904/3913;250;83;2
258763/9985;250;83;2
939894/6452;250;83;2
190753/1609;250;83;2
351926/5972;250;85;2
161207/5391;250;85;2
910058/2595;250;85;2
712063/9781;250;85;2
782552/6187;250;87;2
717925/7805;250;87;2
814795/7903;250;87;2
454883/6924;250;87;2
570569/2286;250;89;2
507564/7602;250;89;2
669584/1306;250;89;2
290549/6782;250;89;2
462054/6640;250;91;2
223721/1803;250;91;2
979589/5535;250;91;2
742716/5867;250;91;2
861867/1120;250;93;2
535131/6984;250;93;2
863722/6529;250;93;2
559859/4016;250;93;2
643377/4152;250;96;2
237686/8626;250;96;2
790065/1521;250;96;2
704592/1425;250;96;2
551003/7709;250;99;2
361234/9564;250;99;2
967719/1717;250;99;2
817334/2535;250;99;2
721281/1595;250;1;2
269707/2322;250;1;2
746173/2557;150;1;2
542668/4466;250;1;2
941203/7910;100;1;2
711054/5234;250;3;2
278129/4940;250;3;2
833925/2378;250;3;2
659703/9101;250;3;2
819230/9765;250;5;2
585384/2397;250;5;2
992013/5670;250;5;2
710356/2963;250;5;2
399015/7989;250;7;2
168013/7802;250;7;2
783414/4713;250;7;2
597288/4962;250;7;2
370562/5242;250;9;2
193330/9146;250;9;2
762210/6238;250;9;2
625393/6438;250;9;2
749997/8281;250;11;2
374319/4593;250;11;2
946474/4298;250;11;2
268261/3463;250;11;2
253352/3851;250;13;2
175718/5542;250;13;2
274859/9096;250;13;2
746387/6761;250;13;2
824308/7685;250;15;2
160160/9771;250;15;2
944577/2956;250;15;2
988573/7019;250;15;2
192458/9204;250;17;2
113254/8826;250;17;2
387919/5747;250;17;2
864922/9317;250;17;2
299751/2826;250;19;2
114778/4283;250;19;2
676677/1285;250;19;2
885764/2651;250;19;2
187475/4063;250;21;2
149038/2932;250;21;2
943656/8502;250;21;2
452221/4986;250;21;2
442787/1110;250;23;2
286422/7244;250;23;2
837801/8550;250;23;2
714686/9939;250;23;2
575427/8808;250;25;2
469686/9696;250;25;2
775144/5194;250;25;2
973382/4583;250;25;2
794954/3008;250;27;2
680076/7047;250;27;2
804805/5484;250;27;2
896231/9652;250;27;2
535420/4135;250;29;2
125013/1019;250;29;2
780147/9343;250;29;2
360644/3687;250;29;2
728163/5973;250;31;2
443934/2916;250;31;2
830287/6124;250;31;2
301599/5043;250;31;2
411871/8130;250;45;2
357856/8550;250;45;2
773525/9339;250;45;2
180050/1135;250;45;2
348812/4761;250;47;2
122478/3506;250;47;2
939041/1886;250;47;2
553930/1455;250;47;2
492476/6862;250;50;2
288235/4653;250;50;2
530944/5204;250;50;2
910191/3806;250;50;2
603970/6873;250;53;2
457920/6101;250;53;2
701155/9453;250;53;2
703802/4071;250;53;2
168457/9497;250;55;2
152312/6876;250;55;2
179969/7907;250;55;2
131407/2971;250;55;2
573211/1714;250;57;2
411184/4697;250;57;2
946015/5818;250;57;2
261566/8979;250;57;2
744740/9855;250;59;2
739939/3064;250;59;2
959813/1126;250;59;2
814864/8346;250;59;2
305796/5490;250;61;2
103991/1868;250;61;2
375675/2640;250;61;2
282889/6021;250;61;2
867715/9445;250;63;2
224004/2252;250;63;2
907488/3426;250;63;2
975855/3554;250;63;2
650948/1382;250;65;2
384233/5084;250;65;2
783842/8559;250;65;2
234189/7086;250;65;2
611128/9691;250;67;2
466165/6984;250;67;2
667054/8683;250;67;2
946805/4179;250;67;2
381379/4805;250;69;2
241680/8067;250;69;2
829356/2128;250;69;2
887886/2185;250;69;2
672308/5583;250;71;2
419627/5541;250;71;2
870835/9174;250;71;2
674018/2962;250;71;2
475335/6087;250;73;2
379397/4540;250;73;2
879505/6270;250;73;2
920543/4291;250;73;2
803267/2239;250;75;2
656159/9555;250;75;2
994197/7950;250;75;2
566775/8478;250;75;2
276345/3920;250;77;2
217741/2845;250;77;2
806245/5734;250;77;2
326781/8958;250;77;2
389882/2247;250;79;2
292122/7813;250;79;2
702687/9961;250;79;2
662162/3155;250;79;2
764700/3737;250;81;2
438111/6376;250;81;2
902748/5876;250;81;2
831629/8959;250;81;2
362307/3752;250;95;2
124459/7510;250;95;2
676333/1791;250;95;2
878862/6236;250;95;2
813672/7081;250;97;2
411337/2713;250;97;2
996532/5574;250;97;2
792658/1685;250;97;2
849259/8775;250;100;2
464785/6276;250;100;2
901167/9673;250;100;2
502581/7491;250;100;2
806252/4245;250;282;6
349087/5623;250;282;6
860045/9768;250;282;6
696904/3238;250;282;6
401819/2108;250;266;6
140229/4357;250;266;6
495084/3504;250;266;6
533916/5425;250;266;6
817229/4275;250;290;6
119463/9610;250;290;6
909217/4902;250;290;6
878369/7259;250;290;6
520288/1539;250;258;6
105287/2210;250;258;6
715171/6679;250;258;6
923194/3882;250;258;6
619158/6649;250;274;6
357626/5583;250;274;6
773413/9840;250;274;6
764357/5251;250;274;6
689538/9945;250;286;6
316971/6768;250;286;6
752876/8578;250;286;6
528993/5382;250;286;6
356038/8488;250;294;6
267538/8019;250;294;6
760481/9402;250;294;6
488190/7917;250;294;6
845038/5833;250;254;6
718720/4181;250;254;6
854457/6692;250;254;6
954795/4263;250;254;6
397534/5934;250;262;6
168492/6657;250;262;6
984337/7212;250;262;6
765659/9893;250;262;6
892605/8256;250;270;6
891553/3083;250;270;6
970082/6028;250;270;6
320390/9386;250;270;6
885015/3814;250;278;6
450170/6268;250;278;6
985918/5997;250;278;6
964676/7160;250;278;6
246607/4709;250;284;6
122899/3952;250;284;6
901113/5772;250;284;6
635463/5905;250;284;6
478363/4918;250;288;6
347058/2850;250;288;6
659852/2527;250;288;6
302692/2415;250;288;6
306369/6584;250;292;6
142030/9339;250;292;6
824875/8761;250;292;6
526277/2873;250;292;6
413478/2985;250;298;6
357735/1112;250;298;6
884640/8143;250;298;6
113842/7898;250;298;6
635898/2307;250;252;6
142218/5736;250;252;6
985690/6177;250;252;6
232139/8953;250;252;6
678441/9300;250;256;6
233197/9671;250;256;6
991769/3740;250;256;6
386430/9265;250;256;6
780696/7624;250;260;6
316588/1577;250;260;6
979130/3083;250;260;6
410526/4968;250;260;6
530029/6391;250;264;6
293374/3396;250;264;6
755504/1633;250;264;6
622673/5147;250;264;6
412395/6041;250;268;6
346119/9841;250;268;6
723843/5057;250;268;6
771866/5137;250;268;6
710311/2331;250;272;6
451895/8140;250;272;6
797915/7904;250;272;6
974596/2471;250;272;6
251515/9137;250;276;6
238417/1602;250;276;6
681657/2291;250;276;6
305898/3377;250;276;6
520217/1765;250;280;6
102239/7718;250;280;6
916251/6019;250;280;6
845001/7214;250;280;6
204516/9754;250;283;6
136434/5770;250;283;6
734775/9562;250;283;6
830304/8737;250;283;6
328755/6468;250;285;6
277781/1443;250;285;6
841362/8043;250;285;6
744839/8314;250;285;6
634012/7158;250;287;6
533564/9474;250;287;6
900001/6231;250;287;6
270879/2874;250;287;6
485433/1731;250;289;6
182611/4221;250;289;6
761160/5359;250;289;6
527035/2784;250;289;6
548728/1939;250;291;6
404635/9892;250;291;6
976238/7533;250;291;6
933543/8309;250;291;6
785431/5693;250;293;6
679939/1620;250;293;6
847965/1005;250;293;6
673471/4033;250;293;6
701116/2531;250;296;6
561822/8100;250;296;6
767208/9741;250;296;6
774816/8683;250;296;6
711206/5973;250;299;6
549319/6299;250;299;6
843487/4654;250;299;6
702297/2714;250;299;6
420121/4803;250;251;6
357761/4856;250;251;6
550384/3980;250;251;6
532597/2242;250;251;6
483798/5441;250;253;6
320455/1745;250;253;6
584047/8445;250;253;6
191093/7769;250;253;6
907432/4044;250;255;6
126746/6472;250;255;6
948647/4181;250;255;6
509838/4662;250;255;6
755918/9635;250;257;6
637666/3920;250;257;6
997048/8224;250;257;6
915791/3193;250;257;6
111155/5978;250;259;6
101678/4283;250;259;6
337039/9042;250;259;6
392670/8544;250;259;6
255144/6633;250;261;6
129204/7812;250;261;6
997989/7296;250;261;6
855138/1693;250;261;6
585120/7959;250;263;6
561373/2917;250;263;6
866111/4146;250;263;6
630753/5871;250;263;6
415064/6912;250;265;6
204568/4938;250;265;6
804553/5737;250;265;6
992976/8219;250;265;6
388551/2740;250;267;6
145002/9655;250;267;6
543144/6794;250;267;6
222628/2268;250;267;6
342834/3029;250;269;6
342514/4721;250;269;6
429228/1596;250;269;6
700040/8089;250;269;6
466624/6302;250;271;6
288364/5253;250;271;6
949445/8332;250;271;6
314911/7525;250;271;6
376750/8578;250;273;6
180992/4430;250;273;6
523782/9304;250;273;6
226900/2801;250;273;6
880149/3919;250;275;6
633293/3618;250;275;6
901782/5694;250;275;6
796917/5335;250;275;6
524458/8037;250;277;6
314872/3977;250;277;6
818175/4118;250;277;6
751938/4635;250;277;6
266700/1755;250;279;6
163195/8550;250;279;6
732390/8651;250;279;6
265666/8115;250;279;6
324449/2735;250;281;6
254709/2898;250;281;6
662811/1236;250;281;6
596888/2597;250;281;6
223197/6212;250;295;6
126218/4407;250;295;6
509407/9080;250;295;6
650981/5236;250;295;6
597851/6228;250;297;6
447565/9827;250;297;6
816862/2397;250;297;6
398965/4473;250;297;6
650997/6567;250;300;6
159449/2063;250;300;6
723600/2461;250;300;6
631492/8739;250;300;6
972034/5967;250;582;12
756613/3953;250;582;12
974709/8569;250;582;12
303137/8257;250;582;12
548056/9670;250;566;12
382626/8878;250;566;12
904515/9894;250;566;12
650565/7154;250;566;12
240879/5573;250;590;12
111938/2214;250;590;12
755912/5888;250;590;12
382475/5590;250;590;12
281910/2590;250;558;12
198549/4842;250;558;12
358773/4579;250;558;12
528149/7793;250;558;12
377085/8083;250;574;12
362272/1328;250;574;12
817284/4253;250;574;12
747869/6011;250;574;12
500765/9049;250;586;12
235005/6714;250;586;12
833150/4048;250;586;12
450340/7178;250;586;12
825723/5358;250;594;12
662150/1520;250;594;12
844767/3374;250;594;12
121134/3878;250;594;12
589520/5636;250;554;12
354560/1958;250;554;12
821027/6138;250;554;12
454294/3026;250;554;12
992877/2196;250;562;12
912130/1755;250;562;12
993590/1173;250;562;12
690011/1398;250;562;12
469629/6430;250;570;12
228729/1176;250;570;12
930801/7701;250;570;12
578015/3831;250;570;12
683854/3162;250;578;12
529034/8780;250;578;12
689052/8624;250;578;12
847499/3264;250;578;12
360887/4565;250;584;12
301510/2987;250;584;12
883995/2066;250;584;12
488591/6007;250;584;12
238102/9306;250;588;12
170224/2229;250;588;12
853622/6972;250;588;12
472316/1458;250;588;12
509339/9876;250;592;12
100524/7268;250;592;12
674405/8487;250;592;12
891471/9392;250;592;12
428421/2138;250;598;12
387987/3590;250;598;12
731536/2977;250;598;12
290637/6339;250;598;12
847950/9405;250;552;12
781689/2138;250;552;12
877893/5556;250;552;12
282433/1977;250;552;12
643461/4414;250;556;12
193529/7459;250;556;12
869838/9019;250;556;12
476148/6270;250;556;12
648434/6963;250;560;12
529106/5565;250;560;12
706929/8056;250;560;12
534118/5005;250;560;12
900337/5300;250;564;12
453312/3976;250;564;12
972313/4907;250;564;12
274976/5033;250;564;12
485420/3407;250;568;12
185866/8043;250;568;12
750347/5537;250;568;12
747696/2530;250;568;12
232292/9409;250;572;12
125409/3918;250;572;12
673165/3613;250;572;12
369109/7234;250;572;12
400973/7714;250;576;12
362407/5124;250;576;12
996319/4801;250;576;12
886093/4050;250;576;12
628618/6862;250;580;12
620592/8492;250;580;12
985771/2122;250;580;12
343200/1554;250;580;12
754273/7338;250;583;12
468125/5658;250;583;12
964680/7025;250;583;12
744000/6583;250;583;12
748029/2783;250;585;12
538628/4603;250;585;12
792197/1435;250;585;12
214993/6554;250;585;12
192991/1978;250;587;12
162004/1121;250;587;12
864700/4852;250;587;12
639112/3314;250;587;12
547535/7610;250;589;12
546013/4737;250;589;12
771905/3523;250;589;12
734716/8294;250;589;12
374005/9296;250;591;12
103540/7195;250;591;12
566034/3219;250;591;12
437017/1147;250;591;12
749886/8933;250;593;12
489848/7469;250;593;12
915843/3372;250;593;12
363798/9304;250;593;12
559994/1548;250;596;12
544965/8189;250;596;12
622627/2477;250;596;12
484671/8261;250;596;12
466712/4097;250;599;12
387053/1818;250;599;12
793587/2113;250;599;12
191087/9376;250;599;12
538064/7672;250;551;12
486804/5039;250;551;12
924120/8982;250;551;12
930266/1176;250;551;12
594275/5670;250;553;12
387364/8823;250;553;12
630923/4346;250;553;12
927335/4956;250;553;12
171738/3057;250;555;12
105426/1673;250;555;12
836662/4481;250;555;12
933445/5788;250;555;12
521998/2113;250;557;12
401024/9073;250;557;12
793341/9187;250;557;12
646680/2986;250;557;12
586666/3205;250;559;12
441910/6328;250;559;12
628852/5704;250;559;12
939447/6587;250;559;12
589451/4761;250;561;12
440501/1471;250;561;12
865924/4524;250;561;12
836697/8849;250;561;12
384202/5623;250;563;12
165525/3985;250;563;12
967713/1849;250;563;12
306399/9891;250;563;12
251206/4834;250;565;12
247150/3702;250;565;12
473436/1412;250;565;12
127198/1494;250;565;12
511446/9516;250;567;12
450644/3484;250;567;12
544915/8371;250;567;12
186531/2343;250;567;12
665082/4974;250;569;12
595576/8840;250;569;12
853749/6420;250;569;12
694135/1853;250;569;12
747279/6333;250;571;12
651704/1390;250;571;12
832491/7520;250;571;12
679633/1062;250;571;12
410625/1283;250;573;12
230324/7360;250;573;12
844820/4361;250;573;12
909686/9645;250;573;12
618921/8645;250;575;12
115058/9328;250;575;12
943092/7454;250;575;12
551841/4467;250;575;12
474061/9919;250;577;12
111060/7069;250;577;12
908996/6398;250;577;12
977949/6664;250;577;12
561600/6802;250;579;12
417937/5737;250;579;12
630800/7763;250;579;12
726812/8482;250;579;12
370687/9721;250;581;12
327103/3003;250;581;12
869482/2464;250;581;12
682434/1569;250;581;12
271050/6705;250;595;12
118771/5579;250;595;12
723395/4182;250;595;12
963464/9064;250;595;12
386280/7250;250;597;12
245967/4609;250;597;12
898147/3075;250;597;12
163293/1186;250;597;12
673474/4849;250;600;12
370822/2325;250;600;12
922920/1223;250;600;12
234801/7428;250;600;12
749847/8471;250;882;18
738261/4383;250;882;18
895047/2568;250;882;18
914239/6918;250;882;18
618273/8129;250;866;18
613234/6113;250;866;18
847994/2675;250;866;18
583747/8927;250;866;18
494447/9148;250;890;18
149043/8492;250;890;18
664409/5244;250;890;18
563088/1185;250;890;18
632905/5879;250;858;18
624043/4209;250;858;18
746040/5895;250;858;18
660175/4700;250;858;18
448801/3874;250;874;18
303603/8871;250;874;18
759510/1221;250;874;18
800630/9561;250;874;18
409154/3026;250;886;18
390633/6429;250;886;18
778487/6431;250;886;18
943152/3469;250;886;18
584630/2792;250;894;18
550855/3284;250;894;18
916478/7189;250;894;18
817503/3295;250;894;18
746119/8129;250;854;18
405489/3628;250;854;18
850059/9187;250;854;18
735886/6515;250;854;18
455313/7875;250;862;18
144443/3950;250;862;18
930817/2020;250;862;18
246747/8054;250;862;18
551097/6759;250;870;18
159647/3202;250;870;18
855697/8686;250;870;18
903418/7244;250;870;18
708156/8221;250;878;18
666009/9249;250;878;18
758576/8186;250;878;18
105467/9696;250;878;18
549090/7260;250;884;18
516090/7599;250;884;18
692533/1866;250;884;18
348798/6643;250;884;18
902281/4022;250;888;18
207806/8279;250;888;18
999843/3577;250;888;18
559762/5316;250;888;18
611215/7616;250;892;18
214534/1636;250;892;18
877543/9372;250;892;18
673038/1400;250;892;18
519721/7883;250;898;18
226824/3723;250;898;18
778357/9656;250;898;18
270961/9416;250;898;18
816663/1344;250;852;18
777927/8811;250;852;18
944746/9445;250;852;18
449381/4297;250;852;18
362139/9329;250;856;18
241992/4557;250;856;18
381448/8707;250;856;18
818938/4175;250;856;18
532810/1782;250;860;18
128708/4567;250;860;18
865079/5608;250;860;18
851722/9084;250;860;18
674610/7889;250;864;18
519485/4063;250;864;18
688684/7980;250;864;18
630952/3405;250;864;18
552679/4325;250;868;18
146357/6450;250;868;18
622541/6062;250;868;18
104080/4542;250;868;18
509459/8957;250;872;18
171167/8767;250;872;18
607798/3496;250;872;18
152484/6838;250;872;18
471803/2446;250;876;18
424635/9619;250;876;18
644835/4919;250;876;18
782825/1693;250;876;18
233545/4110;250;880;18
106398/3818;250;880;18
911319/9910;250;880;18
648588/7333;250;880;18
528421/3491;250;883;18
274263/3202;250;883;18
601510/1545;250;883;18
601241/1045;250;883;18
610214/6172;250;885;18
370716/6944;250;885;18
662346/6202;250;885;18
237783/7086;250;885;18
525005/6209;250;887;18
210950/8734;250;887;18
641850/7996;250;887;18
301182/9231;250;887;18
522454/8243;250;889;18
464590/8658;250;889;18
994548/3414;250;889;18
421055/7358;250;889;18
182096/4474;250;891;18
133001/2557;250;891;18
853188/6789;250;891;18
286993/4274;250;891;18
730948/2952;250;893;18
205676/5011;250;893;18
735945/6192;250;893;18
126018/5689;250;893;18
692989/9659;250;896;18
436781/7529;250;896;18
856526/5927;250;896;18
981881/3117;250;896;18
530546/5739;250;899;18
176291/4027;250;899;18
845061/9392;250;899;18
375104/6567;250;899;18
569203/5671;250;851;18
363254/2073;250;851;18
924559/1264;250;851;18
461899/2359;250;851;18
359679/9484;250;853;18
217484/9589;250;853;18
480504/5311;250;853;18
767106/3289;250;853;18
647152/8507;250;855;18
307426/8897;250;855;18
767430/4948;250;855;18
454261/7604;250;855;18
791983/8051;250;857;18
342477/8409;250;857;18
899817/6353;250;857;18
498063/3799;250;857;18
895936/5951;250;859;18
441991/4053;250;859;18
953923/9169;250;859;18
514474/4952;250;859;18
673240/9638;250;861;18
669168/8996;250;861;18
704746/8092;250;861;18
932022/2732;250;861;18
318731/7296;250;863;18
264219/3337;250;863;18
847759/3550;250;863;18
875576/4987;250;863;18
528138/7032;250;865;18
139554/9486;250;865;18
862336/8809;250;865;18
482126/7015;250;865;18
322067/6037;250;867;18
259227/6573;250;867;18
414408/5526;250;867;18
652121/9025;250;867;18
892398/3787;250;869;18
569582/2314;250;869;18
914873/8857;250;869;18
559547/8205;250;869;18
455951/2410;250;871;18
180566/2383;250;871;18
594160/5773;250;871;18
134675/7916;250;871;18
268959/3056;250;873;18
178546/6743;250;873;18
317146/4629;250;873;18
894894/7717;250;873;18
873848/3479;250;875;18
787445/2779;250;875;18
916170/4786;250;875;18
834364/3061;250;875;18
579587/6171;250;877;18
112387/7492;250;877;18
956717/6962;250;877;18
989779/3592;250;877;18
474146/3969;250;879;18
328709/8015;250;879;18
551865/4679;250;879;18
627919/2079;250;879;18
291954/4940;250;881;18
214593/4278;250;881;18
556953/1023;250;881;18
877776/5083;250;881;18
609622/6216;250;895;18
541643/1016;250;895;18
699781/9051;250;895;18
455726/4150;250;895;18
609032/6611;250;897;18
152144/6458;250;897;18
622125/6161;250;897;18
303230/5284;250;897;18
511088/8617;250;900;18
103262/2833;250;900;18
968624/5082;250;900;18
537296/3378;250;900;18
718805/1261;250;132;3
106198/9627;250;132;3
743074/8378;250;132;3
432039/2911;250;132;3
588468/9287;250;116;3
566126/8259;250;116;3
879863/9842;250;116;3
616693/3355;250;116;3
405304/4182;250;140;3
383900/2632;250;140;3
991978/4923;250;140;3
417694/4806;250;140;3
342065/2746;250;108;3
281171/8250;250;108;3
940474/3242;250;108;3
175701/7686;250;108;3
893128/4806;250;124;3
608632/9186;250;124;3
917720/8551;250;124;3
893257/7382;250;124;3
639437/9201;250;136;3
313576/8038;250;136;3
763896/4603;250;136;3
117180/5395;250;136;3
473737/2940;250;144;3
101230/8972;250;144;3
921073/9764;250;144;3
695668/3409;250;144;3
499639/9344;250;104;3
295946/2598;250;104;3
806375/2487;250;104;3
139010/3557;250;104;3
841441/3117;250;112;3
318685/6201;250;112;3
857628/4060;250;112;3
753321/5182;250;112;3
642800/8343;250;120;3
485866/8652;250;120;3
867551/1424;250;120;3
432570/2912;250;120;3
625330/8224;250;128;3
601472/8307;250;128;3
984675/3029;250;128;3
945685/4345;250;128;3
418305/2803;250;134;3
124866/6464;250;134;3
587423/8618;250;134;3
846740/2027;250;134;3
131951/2888;250;138;3
116586/6462;250;138;3
142173/3793;250;138;3
834340/6517;250;138;3
235742/2931;250;142;3
169613/4017;250;142;3
721865/3734;250;142;3
241827/7201;250;142;3
630025/8145;250;148;3
494485/8366;250;148;3
977624/9355;250;148;3
865195/8727;250;148;3
635581/3847;250;102;3
154891/5065;250;102;3
659654/7875;250;102;3
942365/5654;250;102;3
285738/3604;250;106;3
263084/2499;250;106;3
482126/7957;250;106;3
331994/4331;250;106;3
372478/2094;250;110;3
323549/8030;250;110;3
839258/3341;250;110;3
585812/7245;250;110;3
173649/3147;250;114;3
130570/1667;250;114;3
582840/7160;250;114;3
194501/7674;250;114;3
449673/3081;250;118;3
190347/7192;250;118;3
852641/9979;250;118;3
922604/8568;250;118;3
622667/4979;250;122;3
118759/2421;250;122;3
970996/4603;250;122;3
810945/3691;250;122;3
444731/6981;250;126;3
411016/8670;250;126;3
668712/3134;250;126;3
426143/7817;250;126;3
651738/8682;250;130;3
485711/8849;250;130;3
947549/7248;250;130;3
982333/2991;250;130;3
446587/5707;250;133;3
100732/6381;250;133;3
667746/5600;250;133;3
602642/4087;250;133;3
741370/8211;250;135;3
154719/2176;250;135;3
880181/5111;250;135;3
989077/7692;250;135;3
442066/3212;250;137;3
310561/7789;250;137;3
821736/8113;250;137;3
914822/9178;250;137;3
605584/7904;250;139;3
538509/9056;250;139;3
982093/3462;250;139;3
697188/1544;250;139;3
583398/2122;250;141;3
286395/1772;250;141;3
613236/2773;250;141;3
173088/8594;250;141;3
271543/9659;250;143;3
151633/4662;250;143;3
280841/2936;250;143;3
343508/9048;250;143;3
661605/3738;250;146;3
287509/4664;250;146;3
855441/9239;250;146;3
389753/8639;250;146;3
226966/4179;250;149;3
219199/3229;250;149;3
586132/6326;250;149;3
586670/2192;250;149;3
838906/1955;250;101;3
196358/8178;250;101;3
908504/9650;250;101;3
494438/5906;250;101;3
518680/9742;250;103;3
251240/5637;250;103;3
610223/4322;250;103;3
704645/3581;250;103;3
150024/4149;250;105;3
147274/9151;250;105;3
858467/5127;250;105;3
486166/2091;250;105;3
422395/3274;250;107;3
378240/6100;250;107;3
793405/5181;250;107;3
939729/4191;250;107;3
542328/8030;250;109;3
347146/1831;250;109;3
989858/6152;250;109;3
656706/5709;250;109;3
350278/1622;250;111;3
180481/2586;250;111;3
618783/1280;250;111;3
917481/9940;250;111;3
558028/7253;250;113;3
402504/9280;250;113;3
863100/4277;250;113;3
756366/1286;250;113;3
541747/9710;250;115;3
284692/9774;250;115;3
765003/8020;250;115;3
720694/7237;250;115;3
683468/1524;250;117;3
172501/9534;250;117;3
811704/8659;250;117;3
132099/7623;250;117;3
532353/7020;250;119;3
512975/6129;250;119;3
725521/6991;250;119;3
981532/7943;250;119;3
685337/2873;250;121;3
563430/1365;250;121;3
763387/3944;250;121;3
596148/9900;250;121;3
627987/2241;250;123;3
377055/4763;250;123;3
741838/8260;250;123;3
635251/7890;250;123;3
677722/9542;250;125;3
347019/9310;250;125;3
970943/8565;250;125;3
712568/8827;250;125;3
459837/1705;250;127;3
388124/7087;250;127;3
680223/7352;250;127;3
399879/8506;250;127;3
795193/7508;250;129;3
201757/6843;250;129;3
939320/5232;250;129;3
837243/2253;250;129;3
300629/7668;250;131;3
162572/1429;250;131;3
597401/1424;250;131;3
785135/6591;250;131;3
766779/5864;250;145;3
136059/8018;250;145;3
882002/2992;250;145;3
386595/8491;250;145;3
511711/6750;250;147;3
355665/4255;250;147;3
617612/1189;250;147;3
605224/1198;250;147;3
455945/9637;250;150;3
301450/6991;250;150;3
576631/7320;250;150;3
565168/8609;250;150;3
630241/6058;250;232;5
473094/9471;250;232;5
948353/3262;250;232;5
238211/1010;250;232;5
929975/9309;250;216;5
511143/7477;250;216;5
988664/4990;250;216;5
309709/6571;250;216;5
381446/7706;250;240;5
338852/5273;250;240;5
746809/8349;250;240;5
176536/9611;250;240;5
946951/2245;250;208;5
897087/8937;250;208;5
950778/3229;250;208;5
783947/4781;250;208;5
661593/4473;250;224;5
460748/9346;250;224;5
954430/8541;250;224;5
787121/6385;250;224;5
498214/9421;250;236;5
233728/7181;250;236;5
903188/5116;250;236;5
411193/3637;250;236;5
527385/1386;250;244;5
338606/7797;250;244;5
836283/2356;250;244;5
869657/3147;250;244;5
737328/6782;250;204;5
118111/5430;250;204;5
819056/7004;250;204;5
718913/8990;250;204;5
881199/8723;250;212;5
555255/4820;250;212;5
925497/9120;250;212;5
801671/4008;250;212;5
942266/5291;250;220;5
791153/1210;250;220;5
997135/6973;250;220;5
642665/3009;250;220;5
633665/6733;250;228;5
446510/1358;250;228;5
789718/1832;250;228;5
588576/4486;250;228;5
398437/6457;250;234;5
339430/4884;250;234;5
727992/5512;250;234;5
169378/4728;250;234;5
842927/1112;250;238;5
760117/7633;250;238;5
990565/9208;250;238;5
771384/6988;250;238;5
159380/4962;250;242;5
143541/8891;250;242;5
736752/2678;250;242;5
777258/7367;250;242;5
537060/5525;250;248;5
451176/9895;250;248;5
815406/3803;250;248;5
456416/7075;250;248;5
688565/9037;250;202;5
314195/8757;250;202;5
926395/1213;250;202;5
455063/1169;250;202;5
509693/1713;250;206;5
118751/9603;250;206;5
794467/4416;250;206;5
713329/1417;250;206;5
325987/2459;250;210;5
229574/9263;250;210;5
553855/3516;250;210;5
733410/7522;250;210;5
642318/1128;250;214;5
377131/8938;250;214;5
765572/9202;250;214;5
883221/6358;250;214;5
690218/9394;250;218;5
376930/3897;250;218;5
795069/1232;250;218;5
289777/1433;250;218;5
565824/5739;250;222;5
424354/2044;250;222;5
688780/1984;250;222;5
558729/8021;250;222;5
364021/7996;250;226;5
122360/8080;250;226;5
371317/5019;250;226;5
552606/6857;250;226;5
290137/8939;250;230;5
275302/9502;250;230;5
459409/1302;250;230;5
671613/5984;250;230;5
502401/3109;250;233;5
400764/7882;250;233;5
997346/4025;250;233;5
862128/4026;250;233;5
738202/5536;250;235;5
640839/2255;250;235;5
976696/1971;250;235;5
243364/5758;250;235;5
578709/8630;250;237;5
393330/9068;250;237;5
643911/7755;250;237;5
175349/2248;250;237;5
805729/3073;250;239;5
354115/9680;250;239;5
920163/8098;250;239;5
903710/1560;250;239;5
874801/1287;250;241;5
765130/6158;250;241;5
922543/6968;250;241;5
800821/6347;250;241;5
668972/1764;250;243;5
635674/7179;250;243;5
702745/1662;250;243;5
486599/4349;250;243;5
644607/7009;250;246;5
553769/5196;250;246;5
907452/3136;250;246;5
121220/6117;250;246;5
489186/8939;250;249;5
180471/7211;250;249;5
508153/2217;250;249;5
731112/9827;250;249;5
838087/5478;250;201;5
430250/5169;250;201;5
867763/7365;250;201;5
808741/3346;250;201;5
797959/3645;250;203;5
723964/3415;250;203;5
961700/3685;250;203;5
257653/3192;250;203;5
562003/2312;250;205;5
168700/2833;250;205;5
593699/2712;250;205;5
550661/8396;250;205;5
743425/5986;250;207;5
406552/3137;250;207;5
757538/5621;250;207;5
441507/1477;250;207;5
321401/5431;250;209;5
271617/7513;250;209;5
347687/4085;250;209;5
930540/4782;250;209;5
820737/5702;250;211;5
262761/3521;250;211;5
855855/6184;250;211;5
647585/7006;250;211;5
434468/5846;250;213;5
177966/1193;250;213;5
714227/4257;250;213;5
491372/8495;250;213;5
380795/6081;250;215;5
124859/1145;250;215;5
464169/3514;250;215;5
908527/5849;250;215;5
239420/6009;250;217;5
217700/2559;250;217;5
784485/4533;250;217;5
828913/2474;250;217;5
591273/6089;250;219;5
316705/8087;250;219;5
824659/4263;250;219;5
819049/1441;250;219;5
571936/6137;250;221;5
353687/2274;250;221;5
952026/6634;250;221;5
284948/5135;250;221;5
468686/5248;250;223;5
187318/7061;250;223;5
990224/9496;250;223;5
355057/6739;250;223;5
959929/2142;250;225;5
136939/4306;250;225;5
959953/8156;250;225;5
719377/9529;250;225;5
448037/5885;250;227;5
387474/1280;250;227;5
588229/9562;250;227;5
469571/5304;250;227;5
583929/1399;250;229;5
372599/3685;250;229;5
697146/7749;250;229;5
213463/6776;250;229;5
272171/2381;250;231;5
171664/9924;250;231;5
928776/2619;250;231;5
255721/6477;250;231;5
946446/5659;250;245;5
453575/6031;250;245;5
974931/7419;250;245;5
439965/5343;250;245;5
863496/7515;250;247;5
550378/4158;250;247;5
911687/5077;250;247;5
771207/5506;250;247;5
723843/4389;250;250;5
643173/9352;250;250;5
739796/5331;250;250;5
149195/1556;250;250;5
834839/2574;250;332;7
395995/8441;250;332;7
838557/1870;250;332;7
206320/6911;250;332;7
742124/3205;250;316;7
359669/2826;250;316;7
899086/8036;250;316;7
397308/6333;250;316;7
484772/1044;250;340;7
207512/3163;250;340;7
502861/1938;250;340;7
811934/2897;250;340;7
388362/4283;250;308;7
190135/8837;250;308;7
955866/2795;250;308;7
812093/2924;250;308;7
601145/6199;250;324;7
500208/6958;250;324;7
797461/1942;250;324;7
167591/2326;250;324;7
228649/3774;250;336;7
194832/9580;250;336;7
435129/8112;250;336;7
144789/9397;250;336;7
719548/5513;250;344;7
705914/9958;250;344;7
854327/8197;250;344;7
509990/5066;250;344;7
829452/2799;250;304;7
805115/4502;250;304;7
971603/1418;250;304;7
282529/9937;250;304;7
657876/8384;250;312;7
301471/3892;250;312;7
689365/1752;250;312;7
243185/3700;250;312;7
949258/4702;250;320;7
929130/4319;250;320;7
962844/8065;250;320;7
746195/2598;250;320;7
533943/1437;250;328;7
516988/7076;250;328;7
949264/4372;250;328;7
442642/4668;250;328;7
932087/1065;250;334;7
246175/3403;250;334;7
941425/1578;250;334;7
618176/4377;250;334;7
195680/2348;250;338;7
176805/5268;250;338;7
456378/9056;250;338;7
791313/9687;250;338;7
113566/3496;250;342;7
107710/8602;250;342;7
725960/1430;250;342;7
851803/1987;250;342;7
324634/1495;250;348;7
232158/9288;250;348;7
382127/5743;250;348;7
555821/4701;250;348;7
322430/5752;250;302;7
140493/3132;250;302;7
878376/5395;250;302;7
929893/4080;250;302;7
270604/2208;250;306;7
227324/9737;250;306;7
379891/9609;250;306;7
534303/3774;250;306;7
956921/2417;250;310;7
204548/9743;250;310;7
978012/9342;250;310;7
566918/8844;250;310;7
426083/3241;250;314;7
303936/7711;250;314;7
658186/8123;250;314;7
433879/1627;250;314;7
657484/8719;250;318;7
646480/9959;250;318;7
848380/1772;250;318;7
542256/6197;250;318;7
751199/6213;250;322;7
327960/4416;250;322;7
970442/8971;250;322;7
811066/7563;250;322;7
797372/3824;250;326;7
391911/9136;250;326;7
987972/2249;250;326;7
113686/3017;250;326;7
712279/8329;250;330;7
502417/8746;250;330;7
897876/7217;250;330;7
505919/1882;250;330;7
630549/1747;250;333;7
115518/5807;250;333;7
789707/7518;250;333;7
787517/5353;250;333;7
912621/3567;250;335;7
720034/2763;250;335;7
965547/5857;250;335;7
850299/6807;250;335;7
815695/1761;250;337;7
451855/8915;250;337;7
824565/2467;250;337;7
552140/7666;250;337;7
258635/2776;250;339;7
190535/4631;250;339;7
918383/4618;250;339;7
423174/1130;250;339;7
290699/3416;250;341;7
178394/5265;250;341;7
474394/5150;250;341;7
529780/6290;250;341;7
631253/5945;250;343;7
559023/9195;250;343;7
834294/1391;250;343;7
125364/1164;250;343;7
717427/6282;250;346;7
561612/9808;250;346;7
888161/5702;250;346;7
914429/9043;250;346;7
828073/3130;250;349;7
755379/3770;250;349;7
960335/7037;250;349;7
375300/8727;250;349;7
714225/1495;250;301;7
521689/6096;250;301;7
918544/5901;250;301;7
411905/2567;250;301;7
538885/3573;250;303;7
177904/7651;250;303;7
987768/9798;250;303;7
153225/2600;250;303;7
885018/4229;250;305;7
533351/1981;250;305;7
934729/9746;250;305;7
344293/1050;250;305;7
628299/7167;250;307;7
213215/5647;250;307;7
996402/5938;250;307;7
986983/8741;250;307;7
778197/3930;250;309;7
704704/8916;250;309;7
889708/1078;250;309;7
244592/3765;250;309;7
822691/3064;250;311;7
390299/6017;250;311;7
841546/6986;250;311;7
452377/6772;250;311;7
337367/2065;250;313;7
302792/5512;250;313;7
522911/9554;250;313;7
372843/2904;250;313;7
554607/1091;250;315;7
423149/1540;250;315;7
762774/1498;250;315;7
265526/9851;250;315;7
507716/8151;250;317;7
257951/3943;250;317;7
609773/1445;250;317;7
966083/4260;250;317;7
722627/1518;250;319;7
333600/8525;250;319;7
725785/6964;250;319;7
506102/2945;250;319;7
254142/7309;250;321;7
215994/8730;250;321;7
721042/8853;250;321;7
680424/1192;250;321;7
676833/1964;250;323;7
177140/8010;250;323;7
897126/7855;250;323;7
997521/4413;250;323;7
846994/1457;250;325;7
477337/1066;250;325;7
926889/2035;250;325;7
155494/5720;250;325;7
758653/4958;250;327;7
726118/1447;250;327;7
859514/3280;250;327;7
936446/6391;250;327;7
431304/4930;250;329;7
406775/6636;250;329;7
912588/6286;250;329;7
594421/8718;250;329;7
695568/8716;250;331;7
392753/7642;250;331;7
940263/8033;250;331;7
116149/1505;250;331;7
637539/8252;250;345;7
323731/9472;250;345;7
656979/5779;250;345;7
405812/2680;250;345;7
458646/7084;250;347;7
108838/7199;250;347;7
890029/9705;250;347;7
462734/5360;250;347;7
529475/2261;250;350;7
105543/5431;250;350;7
825665/6219;250;350;7
380546/2772;250;350;7
506055/3263;250;482;10
426060/7648;250;482;10
901348/2684;250;482;10
647101/9735;250;482;10
502451/4479;250;466;10
264204/6657;250;466;10
561620/9782;250;466;10
729171/3714;250;466;10
725555/8329;250;490;10
629812/1350;250;490;10
759091/7731;250;490;10
933098/3906;250;490;10
821760/4729;250;458;10
643873/5083;250;458;10
917676/9985;250;458;10
406020/8305;250;458;10
865540/7941;250;474;10
326205/7936;250;474;10
911399/1616;250;474;10
562545/5414;250;474;10
981151/8638;250;486;10
191526/9277;250;486;10
992468/1939;250;486;10
194668/3908;250;486;10
488419/1773;250;494;10
176174/2728;250;494;10
981087/5926;250;494;10
335937/4787;250;494;10
301477/8042;250;454;10
135765/2887;250;454;10
626178/3073;250;454;10
452519/6065;250;454;10
620194/2560;250;462;10
292286/7808;250;462;10
773948/1907;250;462;10
799023/1056;250;462;10
280396/2671;250;470;10
202094/2181;250;470;10
934966/6794;250;470;10
659229/3555;250;470;10
670538/3272;250;478;10
209144/7647;250;478;10
948195/3062;250;478;10
316830/8514;250;478;10
295252/7172;250;484;10
184004/2213;250;484;10
353274/8448;250;484;10
574283/4628;250;484;10
499188/9178;250;488;10
451248/9423;250;488;10
836759/1705;250;488;10
709161/4081;250;488;10
835277/1835;250;492;10
582196/3124;250;492;10
835642/7314;250;492;10
108128/5726;250;492;10
876455/2299;250;498;10
101257/7752;250;498;10
925524/2895;250;498;10
544110/2955;250;498;10
694634/7101;250;452;10
487912/4884;250;452;10
712190/1725;250;452;10
870535/8019;250;452;10
915530/9033;250;456;10
431028/7586;250;456;10
932134/3888;250;456;10
793325/1216;250;456;10
689015/2323;250;460;10
254427/5424;250;460;10
864994/6706;250;460;10
812197/2374;250;460;10
751271/5021;250;464;10
168223/2600;250;464;10
790758/6920;250;464;10
278856/4525;250;464;10
548325/4263;250;468;10
406755/5828;250;468;10
587123/6282;250;468;10
183389/6320;250;468;10
384716/4234;250;472;10
173201/7336;250;472;10
561674/8621;250;472;10
971131/5406;250;472;10
607459/9985;250;476;10
264214/7618;250;476;10
869006/7368;250;476;10
262601/2364;250;476;10
754025/6593;250;480;10
652123/9476;250;480;10
851773/9691;250;480;10
201733/6705;250;480;10
883623/1753;250;483;10
836886/5007;250;483;10
950500/1381;250;483;10
646216/2473;250;483;10
315537/6262;250;485;10
295519/7600;250;485;10
459093/4308;250;485;10
208919/6457;250;485;10
347172/9471;250;487;10
247480/1647;250;487;10
367420/4721;250;487;10
564162/9609;250;487;10
520562/5184;250;489;10
442624/5830;250;489;10
621141/9691;250;489;10
373748/7214;250;489;10
398522/2677;250;491;10
255042/3358;250;491;10
984400/2717;250;491;10
735255/7827;250;491;10
689185/6616;250;493;10
407792/1141;250;493;10
851329/2705;250;493;10
692380/9354;250;493;10
568553/8064;250;496;10
182845/7057;250;496;10
759924/5230;250;496;10
201671/8730;250;496;10
778339/4141;250;499;10
614215/5077;250;499;10
855891/4508;250;499;10
658294/2904;250;499;10
436248/3550;250;451;10
293652/7526;250;451;10
725316/6047;250;451;10
704983/4871;250;451;10
419569/7041;250;453;10
229557/1834;250;453;10
749180/2677;250;453;10
711012/4636;250;453;10
416590/7565;250;455;10
384020/2888;250;455;10
696230/9016;250;455;10
418085/7893;250;455;10
371566/2099;250;457;10
282778/3675;250;457;10
488523/4187;250;457;10
927684/1907;250;457;10
860576/9264;250;459;10
745160/1925;250;459;10
870206/3556;250;459;10
636220/6640;250;459;10
499654/3936;250;461;10
453372/5498;250;461;10
925156/9434;250;461;10
724886/7132;250;461;10
521711/7021;250;463;10
464950/1876;250;463;10
615930/5478;250;463;10
637661/6234;250;463;10
611956/7521;250;465;10
400000/9294;250;465;10
719637/1350;250;465;10
912173/2438;250;465;10
453342/5657;250;467;10
109245/4342;250;467;10
577747/7416;250;467;10
562923/2584;250;467;10
538120/4549;250;469;10
390516/8447;250;469;10
867945/8484;250;469;10
890959/6667;250;469;10
257617/9429;250;471;10
246993/8145;250;471;10
823195/3643;250;471;10
959964/7345;250;471;10
718022/7076;250;473;10
284808/5724;250;473;10
726020/8286;250;473;10
971983/6099;250;473;10
579819/4436;250;475;10
275812/8813;250;475;10
954631/2359;250;475;10
286717/4548;250;475;10
519578/6425;250;477;10
436110/5099;250;477;10
855053/3153;250;477;10
370329/3347;250;477;10
701808/3484;250;479;10
520721/9275;250;479;10
992368/7616;250;479;10
932494/9540;250;479;10
174767/8006;250;481;10
147029/4972;250;481;10
801773/3391;250;481;10
877701/9219;250;481;10
423028/5496;250;495;10
204298/6320;250;495;10
611773/4976;250;495;10
344939/8699;250;495;10
864649/4792;250;497;10
411089/7811;250;497;10
867092/3484;250;497;10
852438/3196;250;497;10
453833/3406;250;500;10
350144/2770;250;500;10
557209/6884;250;500;10
506888/2583;250;500;10
870493/5513;250;682;14
417371/6000;250;682;14
908782/9047;250;682;14
335435/4529;250;682;14
501203/5498;250;666;14
187924/8384;250;666;14
893609/9119;250;666;14
854545/6769;250;666;14
739189/1645;250;690;14
693970/5120;250;690;14
941505/2144;250;690;14
170785/4554;250;690;14
533426/8143;250;658;14
278571/8838;250;658;14
601282/5804;250;658;14
251400/3403;250;658;14
299068/7306;250;674;14
246433/2054;250;674;14
881970/1760;250;674;14
217081/8059;250;674;14
338641/3623;250;686;14
336991/7216;250;686;14
671903/6878;250;686;14
404094/4288;250;686;14
728110/7403;250;694;14
728026/1931;250;694;14
943738/7398;250;694;14
334076/4986;250;694;14
542894/6916;250;654;14
303034/8356;250;654;14
718272/9033;250;654;14
272450/2156;250;654;14
490155/2435;250;662;14
199216/3222;250;662;14
534663/3421;250;662;14
761106/7645;250;662;14
441845/5914;250;670;14
392043/8126;250;670;14
694578/9344;250;670;14
912617/5550;250;670;14
173183/8619;250;678;14
163450/5425;250;678;14
644298/8778;250;678;14
940323/4995;250;678;14
476325/7947;250;684;14
134451/6164;250;684;14
532172/6485;250;684;14
689365/2042;250;684;14
913149/8032;250;688;14
522258/1456;250;688;14
968449/4685;250;688;14
856004/6277;250;688;14
320832/5922;250;692;14
152807/1560;250;692;14
460856/6800;250;692;14
990924/5646;250;692;14
406498/7313;250;698;14
157242/2900;250;698;14
736522/3845;250;698;14
956913/5204;250;698;14
422226/9035;250;652;14
391750/5505;250;652;14
823757/1633;250;652;14
251203/2003;250;652;14
750989/8934;250;656;14
726429/5888;250;656;14
998487/6437;250;656;14
169241/5125;250;656;14
580207/7427;250;660;14
282302/5926;250;660;14
627393/9193;250;660;14
879458/5344;250;660;14
466956/6281;250;664;14
117253/3321;250;664;14
621335/1417;250;664;14
610321/7913;250;664;14
452376/9038;250;668;14
254058/9182;250;668;14
676866/4718;250;668;14
286664/3309;250;668;14
709899/6760;250;672;14
650837/2914;250;672;14
781481/7983;250;672;14
578143/6086;250;672;14
393382/5261;250;676;14
261664/2789;250;676;14
396591/3933;250;676;14
930534/5225;250;676;14
540101/1893;250;680;14
105244/3847;250;680;14
912496/7813;250;680;14
623586/7422;250;680;14
663847/3160;250;683;14
127581/5091;250;683;14
944588/7228;250;683;14
253583/3366;250;683;14
591841/5103;250;685;14
493743/7894;250;685;14
950641/9593;250;685;14
530101/8919;250;685;14
589009/3966;250;687;14
415286/8349;250;687;14
750215/4772;250;687;14
514456/2243;250;687;14
419904/2319;250;689;14
384527/9827;250;689;14
646959/5168;250;689;14
543080/3073;250;689;14
516375/7748;250;691;14
141011/7620;250;691;14
870097/3256;250;691;14
345737/7363;250;691;14
665778/7050;250;693;14
203354/8851;250;693;14
988880/1958;250;693;14
210399/3596;250;693;14
212836/3628;250;696;14
183518/5562;250;696;14
285590/7682;250;696;14
278882/3850;250;696;14
246542/6884;250;699;14
161530/4702;250;699;14
841437/7439;250;699;14
428362/8337;250;699;14
854974/1858;250;651;14
339463/4565;250;651;14
942243/4972;250;651;14
251311/5559;250;651;14
275974/5755;250;653;14
205596/3595;250;653;14
747337/9480;250;653;14
394889/9287;250;653;14
284287/8223;250;655;14
247945/7112;250;655;14
651945/4453;250;655;14
403914/2284;250;655;14
502692/5961;250;657;14
236913/8383;250;657;14
672343/5333;250;657;14
143195/9484;250;657;14
616255/9925;250;659;14
202835/6216;250;659;14
766624/2680;250;659;14
332473/1264;250;659;14
536910/1607;250;661;14
357104/3381;250;661;14
939896/5773;250;661;14
783035/6886;250;661;14
598927/9752;250;663;14
537279/9392;250;663;14
703181/2585;250;663;14
956932/3272;250;663;14
912415/4803;250;665;14
351880/6516;250;665;14
939881/1506;250;665;14
947011/3497;250;665;14
394975/8021;250;667;14
390914/6767;250;667;14
748715/7536;250;667;14
406800/6245;250;667;14
279933/9105;250;669;14
101669/8473;250;669;14
802336/1043;250;669;14
522242/5016;250;669;14
208326/5503;250;671;14
200185/7931;250;671;14
290714/6843;250;671;14
822425/9734;250;671;14
244992/2093;250;673;14
119476/9815;250;673;14
673874/7846;250;673;14
892963/1963;250;673;14
818255/4011;250;675;14
129885/5542;250;675;14
923837/6756;250;675;14
149002/6960;250;675;14
683630/6774;250;677;14
643284/1046;250;677;14
706497/6791;250;677;14
549530/7302;250;677;14
685689/4950;250;679;14
453162/5248;250;679;14
934006/5018;250;679;14
618529/2695;250;679;14
291706/5783;250;681;14
213687/3310;250;681;14
598700/2605;250;681;14
167287/3772;250;681;14
551201/9613;250;695;14
379652/6817;250;695;14
590763/9996;250;695;14
661230/1979;250;695;14
504227/6979;250;697;14
147547/8749;250;697;14
605526/6060;250;697;14
328758/9309;250;697;14
489734/9010;250;700;14
340516/4381;250;700;14
579777/4750;250;700;14
162770/6005;250;700;14
748158/6523;250;832;17
131058/5366;250;832;17
788517/4508;250;832;17
819543/8520;250;832;17
864925/6165;250;816;17
675171/1109;250;816;17
910325/2775;250;816;17
771706/9846;250;816;17
378120/5476;250;840;17
263343/6222;250;840;17
837249/4846;250;840;17
322155/1830;250;840;17
428658/1574;250;808;17
185295/3179;250;808;17
643104/7578;250;808;17
135017/2010;250;808;17
246321/4510;250;824;17
166468/2342;250;824;17
538196/9987;250;824;17
375347/4953;250;824;17
816084/8540;250;836;17
341684/7091;250;836;17
959628/2236;250;836;17
717439/8813;250;836;17
318688/2594;250;844;17
199699/4241;250;844;17
336066/9838;250;844;17
370881/5463;250;844;17
416332/6115;250;804;17
147562/9422;250;804;17
579446/6597;250;804;17
993445/6854;250;804;17
627405/3344;250;812;17
374635/8527;250;812;17
972824/6410;250;812;17
555153/5106;250;812;17
209315/8897;250;820;17
130456/1436;250;820;17
361832/1792;250;820;17
891780/7618;250;820;17
260403/5836;250;828;17
125626/6949;250;828;17
673969/4537;250;828;17
784673/6134;250;828;17
649164/5875;250;834;17
128100/7031;250;834;17
762981/9061;250;834;17
131261/2892;250;834;17
369616/5798;250;838;17
235591/2803;250;838;17
823169/6255;250;838;17
478782/5785;250;838;17
505707/6279;250;842;17
221333/1715;250;842;17
541361/1814;250;842;17
942838/8963;250;842;17
589078/8437;250;848;17
496584/2937;250;848;17
607316/8130;250;848;17
564741/4111;250;848;17
446568/4181;250;802;17
283864/5255;250;802;17
469325/4100;250;802;17
815596/3093;250;802;17
610185/7755;250;806;17
436455/4727;250;806;17
767002/2655;250;806;17
317386/6199;250;806;17
472081/8499;250;810;17
324389/6591;250;810;17
729550/8780;250;810;17
862623/2153;250;810;17
549821/6424;250;814;17
169447/8221;250;814;17
642629/5325;250;814;17
736304/8469;250;814;17
503218/4313;250;818;17
286196/7896;250;818;17
536493/3179;250;818;17
858309/9680;250;818;17
476091/8837;250;822;17
383385/3890;250;822;17
858599/9576;250;822;17
791243/2096;250;822;17
842446/6706;250;826;17
611838/6490;250;826;17
946702/7454;250;826;17
599059/1809;250;826;17
677645/2708;250;830;17
488189/4141;250;830;17
795154/7481;250;830;17
323843/5902;250;830;17
568826/6581;250;833;17
123285/8348;250;833;17
569781/1743;250;833;17
514207/1233;250;833;17
801695/1919;250;835;17
612925/6953;250;835;17
877856/2119;250;835;17
252130/1233;250;835;17
830815/7360;250;837;17
796064/8672;250;837;17
966967/4234;250;837;17
479695/8512;250;837;17
223149/9019;250;839;17
128515/2530;250;839;17
599219/1754;250;839;17
571787/3643;250;839;17
550919/6959;250;841;17
322572/5015;250;841;17
574181/9897;250;841;17
505270/1727;250;841;17
587074/9439;250;843;17
182271/4432;250;843;17
940631/7772;250;843;17
610414/6158;250;843;17
460618/5636;250;846;17
234181/4483;250;846;17
790616/3964;250;846;17
790499/7326;250;846;17
766387/1330;250;849;17
211799/9380;250;849;17
852945/9729;250;849;17
201889/3299;250;849;17
923203/8238;250;801;17
376837/8506;250;801;17
990791/5497;250;801;17
476402/7208;250;801;17
888786/9800;250;803;17
593020/6124;250;803;17
896024/4342;250;803;17
318511/1351;250;803;17
413680/7915;250;805;17
397036/9185;250;805;17
444484/7717;250;805;17
285153/4477;250;805;17
596207/2448;250;807;17
514235/2379;250;807;17
806839/7210;250;807;17
382968/8415;250;807;17
544948/9797;250;809;17
255531/8823;250;809;17
563484/4408;250;809;17
108385/5187;250;809;17
744624/6444;250;811;17
176716/1080;250;811;17
923227/6454;250;811;17
288635/1605;250;811;17
584790/8179;250;813;17
479705/1572;250;813;17
689337/5123;250;813;17
227207/2638;250;813;17
697412/7517;250;815;17
566586/6873;250;815;17
934860/3436;250;815;17
558824/9262;250;815;17
296181/8163;250;817;17
153322/4903;250;817;17
586698/4655;250;817;17
958848/9096;250;817;17
535819/5106;250;819;17
153963/6172;250;819;17
785661/3672;250;819;17
475219/7742;250;819;17
650059/7577;250;821;17
106000/4171;250;821;17
944445/7660;250;821;17
312634/7924;250;821;17
904063/1379;250;823;17
218573/3311;250;823;17
944930/8232;250;823;17
230970/2397;250;823;17
338391/4189;250;825;17
285059/7566;250;825;17
740465/2181;250;825;17
416671/1342;250;825;17
711067/6751;250;827;17
681354/5721;250;827;17
725429/4265;250;827;17
587256/2224;250;827;17
746323/6136;250;829;17
684276/6665;250;829;17
934191/5952;250;829;17
999923/7046;250;829;17
315542/4830;250;831;17
133754/8115;250;831;17
589900/4459;250;831;17
910107/5295;250;831;17
793715/6647;250;845;17
674775/7717;250;845;17
940780/3739;250;845;17
933322/9934;250;845;17
513679/6893;250;847;17
197585/4720;250;847;17
814464/8613;250;847;17
553943/4602;250;847;17
573836/3824;250;850;17
541272/7753;250;850;17
902058/6411;250;850;17
383500/3466;250;850;17
616071/8162;250;982;20
485595/4969;250;982;20
931809/1938;250;982;20
219425/2575;250;982;20
761159/6465;250;966;20
532574/4488;250;966;20
928914/2359;250;966;20
125611/3498;250;966;20
891453/8668;250;990;20
626297/4447;250;990;20
930439/2368;250;990;20
580383/1128;250;990;20
913608/7082;250;958;20
754009/2139;250;958;20
987875/3099;250;958;20
530035/3381;250;958;20
406402/2647;250;974;20
341658/7750;250;974;20
460505/2175;250;974;20
197769/2313;250;974;20
403437/1914;250;986;20
152490/2158;250;986;20
786028/8929;250;986;20
195445/8040;250;986;20
718697/6604;250;994;20
668669/2560;250;994;20
872763/9709;250;994;20
763035/7126;250;994;20
751157/4640;250;954;20
640645/1213;250;954;20
861799/9877;250;954;20
587296/2489;250;954;20
239477/2328;250;962;20
155561/1837;250;962;20
720630/1860;250;962;20
631443/1176;250;962;20
822998/5833;250;970;20
595586/7185;250;970;20
954091/2948;250;970;20
511931/2190;250;970;20
221847/6966;250;978;20
161280/6664;250;978;20
371890/3745;250;978;20
381561/9913;250;978;20
811396/3440;250;984;20
793874/7841;250;984;20
890854/3339;250;984;20
643076/3217;250;984;20
377426/4104;250;988;20
283902/2168;250;988;20
718591/4082;250;988;20
547168/1994;250;988;20
494864/6476;250;992;20
353869/7957;250;992;20
519177/7193;250;992;20
461157/5549;250;992;20
759342/6964;250;998;20
304306/9509;250;998;20
907875/3807;250;998;20
634894/1421;250;998;20
504032/5952;250;952;20
431472/9423;250;952;20
878880/4417;250;952;20
839414/8664;250;952;20
359656/5720;250;956;20
285434/1983;250;956;20
734981/1252;250;956;20
637788/9373;250;956;20
524716/6418;250;960;20
473883/9307;250;960;20
531718/7957;250;960;20
485651/6172;250;960;20
683386/8444;250;964;20
672206/5327;250;964;20
974438/7610;250;964;20
370164/8953;250;964;20
327668/2774;250;968;20
316630/6440;250;968;20
742979/7998;250;968;20
938116/3412;250;968;20
260290/2121;250;972;20
136785/1853;250;972;20
461860/7472;250;972;20
636331/4958;250;972;20
593952/5669;250;976;20
417637/1377;250;976;20
840699/8995;250;976;20
843162/5657;250;976;20
334798/4957;250;980;20
226794/7218;250;980;20
570386/1540;250;980;20
671040/8664;250;980;20
922208/1690;250;983;20
505803/7338;250;983;20
996730/2508;250;983;20
296809/1036;250;983;20
486101/1983;250;985;20
218084/1315;250;985;20
929788/7541;250;985;20
979080/6543;250;985;20
228039/7385;250;987;20
144362/8510;250;987;20
719580/2523;250;987;20
968918/2190;250;987;20
436171/7583;250;989;20
350199/8231;250;989;20
926320/4375;250;989;20
502260/7775;250;989;20
575611/8152;250;991;20
267014/1011;250;991;20
936862/9504;250;991;20
548066/7488;250;991;20
928299/8766;250;993;20
837851/5709;250;993;20
982286/6759;250;993;20
625094/1765;250;993;20
731103/8068;250;996;20
222459/1478;250;996;20
835706/4283;250;996;20
532327/1185;250;996;20
847497/2652;250;999;20
560750/1868;250;999;20
853365/6977;250;999;20
988669/7064;250;999;20
415529/4480;250;951;20
185151/5842;250;951;20
726573/2980;250;951;20
974739/9320;250;951;20
333321/3945;250;953;20
198977/4551;250;953;20
815821/6985;250;953;20
770497/3511;250;953;20
356915/6947;250;955;20
204464/3924;250;955;20
513407/8573;250;955;20
137290/2084;250;955;20
487852/1771;250;957;20
317583/2443;250;957;20
606506/4374;250;957;20
664387/7380;250;957;20
225141/2773;250;959;20
185658/4316;250;959;20
613998/3639;250;959;20
159055/9989;250;959;20
450024/2504;250;961;20
140712/5804;250;961;20
891738/4728;250;961;20
494160/9965;250;961;20
430139/5338;250;963;20
129233/6685;250;963;20
753037/8527;250;963;20
464790/4499;250;963;20
622914/5328;250;965;20
109031/1614;250;965;20
776773/9904;250;965;20
601728/9300;250;965;20
493534/3951;250;967;20
125045/4234;250;967;20
906663/7151;250;967;20
893597/4440;250;967;20
135217/4242;250;969;20
102541/5934;250;969;20
549738/6351;250;969;20
197232/3772;250;969;20
395364/5099;250;971;20
141531/4859;250;971;20
584017/1722;250;971;20
836332/5257;250;971;20
212459/9972;250;973;20
134780/8212;250;973;20
573443/5246;250;973;20
222658/9523;250;973;20
562571/3813;250;975;20
497937/8630;250;975;20
595968/4162;250;975;20
627967/2812;250;975;20
363831/8453;250;977;20
179906/6499;250;977;20
997706/1398;250;977;20
480447/7172;250;977;20
684370/1626;250;979;20
556558/7100;250;979;20
727277/2430;250;979;20
552365/3786;250;979;20
123063/1881;250;981;20
114097/9652;250;981;20
332049/4169;250;981;20
689009/9597;250;981;20
329743/8126;250;995;20
311321/7559;250;995;20
716707/5110;250;995;20
700653/6747;250;995;20
791111/5180;250;997;20
783261/7152;250;997;20
980765/7511;250;997;20
640859/2648;250;997;20
941126/9180;250;1000;20
497382/4260;250;1000;20
980701/5752;250;1000;20
231647/5544;250;1000;20
820856/3931;250;432;9
326690/9615;250;432;9
834135/6049;250;432;9
412309/6713;250;432;9
394334/4940;250;416;9
310052/2965;250;416;9
811085/8117;250;416;9
739975/2181;250;416;9
509380/6224;250;440;9
121327/3309;250;440;9
968399/7571;250;440;9
235367/9502;250;440;9
815963/7770;250;408;9
337854/9896;250;408;9
997916/7503;250;408;9
100420/8953;250;408;9
727317/1677;250;424;9
468642/7152;250;424;9
784533/3649;250;424;9
541710/7491;250;424;9
298756/5570;250;436;9
233296/7464;250;436;9
633731/1995;250;436;9
608298/6467;250;436;9
465914/4049;250;444;9
398477/9426;250;444;9
874614/6569;250;444;9
543885/8941;250;444;9
727677/8670;250;404;9
436570/5876;250;404;9
892203/6440;250;404;9
695381/7131;250;404;9
473226/8977;250;412;9
410962/1501;250;412;9
967319/6680;250;412;9
186274/5729;250;412;9
320547/6976;250;420;9
231484/7295;250;420;9
392992/5965;250;420;9
665504/2613;250;420;9
287092/2466;250;428;9
145208/2296;250;428;9
589115/2871;250;428;9
295828/7182;250;428;9
708229/7894;250;434;9
460443/5132;250;434;9
723296/9738;250;434;9
646679/6328;250;434;9
738335/4972;250;438;9
433436/5197;250;438;9
952777/4290;250;438;9
780826/8133;250;438;9
724230/6365;250;442;9
351399/5028;250;442;9
735613/4945;250;442;9
186581/8309;250;442;9
304536/6890;250;448;9
286642/8280;250;448;9
994294/4420;250;448;9
979816/3508;250;448;9
746324/3533;250;402;9
516464/6255;250;402;9
991480/2190;250;402;9
361780/2645;250;402;9
725474/8778;250;406;9
299925/2575;250;406;9
807852/6391;250;406;9
987363/2695;250;406;9
930610/2498;250;410;9
498251/5063;250;410;9
934773/7719;250;410;9
367665/9025;250;410;9
332341/8808;250;414;9
262846/2392;250;414;9
817785/3127;250;414;9
405249/9173;250;414;9
432556/6584;250;418;9
214031/9220;250;418;9
444997/5597;250;418;9
439756/7220;250;418;9
433989/6289;250;422;9
214382/9909;250;422;9
779559/1177;250;422;9
782752/5163;250;422;9
556187/1408;250;426;9
380203/1824;250;426;9
558790/3211;250;426;9
368929/3656;250;426;9
238822/2859;250;430;9
108434/8693;250;430;9
515167/8373;250;430;9
377748/7498;250;430;9
283223/7311;250;433;9
233646/8369;250;433;9
605406/7617;250;433;9
862060/1532;250;433;9
363532/6349;250;435;9
246333/1813;250;435;9
739208/9958;250;435;9
694439/6980;250;435;9
502722/6119;250;437;9
229879/3623;250;437;9
956626/9964;250;437;9
480014/5368;250;437;9
465313/4443;250;439;9
269359/5526;250;439;9
828922/9424;250;439;9
832280/5301;250;439;9
529847/7187;250;441;9
176917/2130;250;441;9
870779/4624;250;441;9
509809/5862;250;441;9
559085/1516;250;443;9
260336/6472;250;443;9
633736/6019;250;443;9
278740/3669;250;443;9
797240/9023;250;446;9
783954/7802;250;446;9
976537/8239;250;446;9
493033/6376;250;446;9
283394/8617;250;449;9
172943/8101;250;449;9
782634/7046;250;449;9
307991/9405;250;449;9
738471/9410;250;401;9
616730/2187;250;401;9
857052/8378;250;401;9
794783/5418;250;401;9
391111/6718;250;403;9
369947/8317;250;403;9
719068/4819;250;403;9
732064/4962;250;403;9
535076/7870;250;405;9
247402/1555;250;405;9
978347/9486;250;405;9
551465/1977;250;405;9
684389/5347;250;407;9
625550/8768;250;407;9
733769/4087;250;407;9
421671/2614;250;407;9
847994/5300;250;409;9
676098/4191;250;409;9
993509/4573;250;409;9
957244/6007;250;409;9
383295/6462;250;411;9
258634/1558;250;411;9
842700/3044;250;411;9
303462/2314;250;411;9
869701/4086;250;413;9
848542/6941;250;413;9
979782/9276;250;413;9
267175/3310;250;413;9
730166/7794;250;415;9
131996/9422;250;415;9
810656/3512;250;415;9
311446/2233;250;415;9
408170/2717;250;417;9
297227/6438;250;417;9
889562/7023;250;417;9
477248/6227;250;417;9
806330/6980;250;419;9
441685/5415;250;419;9
821170/8997;250;419;9
486317/9594;250;419;9
719657/8557;250;421;9
276033/2167;250;421;9
975028/6079;250;421;9
803992/5371;250;421;9
578418/4969;250;423;9
190769/4170;250;423;9
788663/7692;250;423;9
196807/2573;250;423;9
436857/3783;250;425;9
134743/6447;250;425;9
589258/1302;250;425;9
446058/2347;250;425;9
446282/8509;250;427;9
227320/9030;250;427;9
884650/1786;250;427;9
326615/5064;250;427;9
909981/1895;250;429;9
247766/7803;250;429;9
920753/2316;250;429;9
349956/6146;250;429;9
315745/8116;250;431;9
252706/6279;250;431;9
924056/8559;250;431;9
944896/2689;250;431;9
673114/1017;250;445;9
465214/3245;250;445;9
825834/7166;250;445;9
196070/2958;250;445;9
622014/7979;250;447;9
569468/3719;250;447;9
986295/5640;250;447;9
593532/1385;250;447;9
696885/7622;250;450;9
313771/8041;250;450;9
858207/8918;250;450;9
894501/2616;250;450;9
505432/5018;250;532;11
180667/2538;250;532;11
954496/1767;250;532;11
140160/4953;250;532;11
247188/6728;250;516;11
135855/9254;250;516;11
403174/5356;250;516;11
337725/7361;250;516;11
456502/7798;250;540;11
286804/9979;250;540;11
792663/7207;250;540;11
983682/1727;250;540;11
645302/6688;250;508;11
561597/3128;250;508;11
938881/2640;250;508;11
971600/4440;250;508;11
423873/6082;250;524;11
252914/7019;250;524;11
579562/8520;250;524;11
128285/9409;250;524;11
374022/4201;250;536;11
257524/8394;250;536;11
983925/9220;250;536;11
891937/1205;250;536;11
716723/4409;250;544;11
590278/2138;250;544;11
826990/5065;250;544;11
400023/9898;250;544;11
758519/7029;250;504;11
328939/5887;250;504;11
929705/3813;250;504;11
511901/6834;250;504;11
164175/5282;250;512;11
122240/2165;250;512;11
498831/4728;250;512;11
899382/3387;250;512;11
360182/5307;250;520;11
284976/6533;250;520;11
416888/2906;250;520;11
781288/7370;250;520;11
296267/8127;250;528;11
250480/6020;250;528;11
679745/9898;250;528;11
881469/2320;250;528;11
916091/5722;250;534;11
470979/3941;250;534;11
951087/8244;250;534;11
249188/4066;250;534;11
650648/3406;250;538;11
337029/5733;250;538;11
825469/6184;250;538;11
703509/4192;250;538;11
392815/9967;250;542;11
248050/5781;250;542;11
591293/9450;250;542;11
398246/7099;250;542;11
748673/6205;250;548;11
736350/2792;250;548;11
794636/1882;250;548;11
122943/3669;250;548;11
234001/3574;250;502;11
229273/5312;250;502;11
588891/7914;250;502;11
939730/1630;250;502;11
580910/2212;250;506;11
491857/4156;250;506;11
833344/9764;250;506;11
544516/2200;250;506;11
349895/9618;250;510;11
293325/2831;250;510;11
587380/3580;250;510;11
772499/2803;250;510;11
936718/9870;250;514;11
713469/9762;250;514;11
975445/4386;250;514;11
788438/3903;250;514;11
346756/4334;250;518;11
204397/3483;250;518;11
504460/1178;250;518;11
112901/3057;250;518;11
591731/8555;250;522;11
177090/8722;250;522;11
969176/9030;250;522;11
562190/4224;250;522;11
331861/1124;250;526;11
148344/4073;250;526;11
488948/5438;250;526;11
825944/9814;250;526;11
313344/4076;250;530;11
262603/9343;250;530;11
471534/4659;250;530;11
626336/3848;250;530;11
761026/9293;250;533;11
600785/8195;250;533;11
941949/8968;250;533;11
280440/7608;250;533;11
573275/1960;250;535;11
505665/3947;250;535;11
578284/8958;250;535;11
804094/4790;250;535;11
212356/8523;250;537;11
124627/3025;250;537;11
464113/3944;250;537;11
599585/4034;250;537;11
711566/7470;250;539;11
594194/1896;250;539;11
716941/6935;250;539;11
637628/7977;250;539;11
351657/5692;250;541;11
196132/2626;250;541;11
436267/1720;250;541;11
417067/5160;250;541;11
729134/3968;250;543;11
331103/5970;250;543;11
788843/5261;250;543;11
401333/3229;250;543;11
426116/6043;250;546;11
363833/6780;250;546;11
849285/1468;250;546;11
387226/4381;250;546;11
616554/7949;250;549;11
265644/6136;250;549;11
916017/9642;250;549;11
245675/3084;250;549;11
503963/2155;250;501;11
391874/3217;250;501;11
872127/4507;250;501;11
947769/1360;250;501;11
481759/2146;250;503;11
245479/3143;250;503;11
983440/1903;250;503;11
122307/7830;250;503;11
422832/9729;250;505;11
270266/5473;250;505;11
452821/2452;250;505;11
480220/4185;250;505;11
290194/5849;250;507;11
201563/5290;250;507;11
936166/7696;250;507;11
400779/3751;250;507;11
473094/7698;250;509;11
275800/1149;250;509;11
793272/8571;250;509;11
919079/6917;250;509;11
441758/6797;250;511;11
170066/3903;250;511;11
796123/8185;250;511;11
401062/6305;250;511;11
535377/3073;250;513;11
422384/7080;250;513;11
623385/1319;250;513;11
696815/1690;250;513;11
355300/4742;250;515;11
304295/4564;250;515;11
749598/1809;250;515;11
945729/1273;250;515;11
105124/9861;250;517;11
101081/2515;250;517;11
944164/8427;250;517;11
961002/6051;250;517;11
406243/6875;250;519;11
209515/3240;250;519;11
738583/5572;250;519;11
685003/7127;250;519;11
517334/4292;250;521;11
159284/4694;250;521;11
790980/4063;250;521;11
444205/6751;250;521;11
464607/7838;250;523;11
394714/5542;250;523;11
518572/5147;250;523;11
471905/5786;250;523;11
543615/8263;250;525;11
306400/2247;250;525;11
749329/4108;250;525;11
237837/5264;250;525;11
323484/4566;250;527;11
180679/5775;250;527;11
956796/1663;250;527;11
577528/1011;250;527;11
789012/4876;250;529;11
195356/9172;250;529;11
803424/4720;250;529;11
454499/8372;250;529;11
688246/3086;250;531;11
497375/3026;250;531;11
762488/8971;250;531;11
783148/4395;250;531;11
450229/8893;250;545;11
441082/6556;250;545;11
826140/1321;250;545;11
177861/8637;250;545;11
374241/9139;250;547;11
133611/6577;250;547;11
438808/1212;250;547;11
182891/6680;250;547;11
815571/4223;250;550;11
386130/5424;250;550;11
918845/8867;250;550;11
122557/7705;250;550;11
860560/3967;250;632;13
374913/8086;250;632;13
966578/2056;250;632;13
393602/8926;250;632;13
550059/6576;250;616;13
135658/3907;250;616;13
889490/5253;250;616;13
731615/3690;250;616;13
236620/7977;250;640;13
137622/6003;250;640;13
906999/7558;250;640;13
305500/8565;250;640;13
303332/3877;250;608;13
147514/7097;250;608;13
615865/8647;250;608;13
317306/9615;250;608;13
671690/6788;250;624;13
249195/3199;250;624;13
923807/6976;250;624;13
911719/4148;250;624;13
479708/5066;250;636;13
182784/1246;250;636;13
659562/1064;250;636;13
956905/4164;250;636;13
292318/5069;250;644;13
121732/1064;250;644;13
382934/2434;250;644;13
636344/3778;250;644;13
464496/3145;250;604;13
101671/7682;250;604;13
478964/9953;250;604;13
702185/4419;250;604;13
768580/1000;250;612;13
681595/5481;250;612;13
926329/5928;250;612;13
201507/9063;250;612;13
685875/2227;250;620;13
570433/5184;250;620;13
981530/5101;250;620;13
102282/7730;250;620;13
775554/4618;250;628;13
749960/4353;250;628;13
855913/5444;250;628;13
334344/3634;250;628;13
947782/9119;250;634;13
626739/4544;250;634;13
955871/7755;250;634;13
460564/8493;250;634;13
469808/9799;250;638;13
299398/2043;250;638;13
783508/5904;250;638;13
791263/7658;250;638;13
409140/2284;250;642;13
194549/6388;250;642;13
718297/2790;250;642;13
859144/8516;250;642;13
347239/8174;250;648;13
116982/6326;250;648;13
749627/9828;250;648;13
348597/1515;250;648;13
394651/5333;250;602;13
157910/4068;250;602;13
638078/8355;250;602;13
262101/8769;250;602;13
954519/5887;250;606;13
438469/9406;250;606;13
965318/6355;250;606;13
160526/8816;250;606;13
894218/4867;250;610;13
191996/6172;250;610;13
920336/9833;250;610;13
578105/8800;250;610;13
847801/8994;250;614;13
298396/4025;250;614;13
962821/4859;250;614;13
103443/8475;250;614;13
148845/5275;250;618;13
115950/8030;250;618;13
637844/2738;250;618;13
734838/2053;250;618;13
421416/6795;250;622;13
172049/2310;250;622;13
899190/3780;250;622;13
527824/6564;250;622;13
439598/4374;250;626;13
173391/2879;250;626;13
796710/6562;250;626;13
507581/6719;250;626;13
296028/1492;250;630;13
225185/1696;250;630;13
523840/2961;250;630;13
137046/2119;250;630;13
596831/5536;250;633;13
270581/5514;250;633;13
922469/4487;250;633;13
364737/7995;250;633;13
634275/7805;250;635;13
588389/6885;250;635;13
888213/9232;250;635;13
902398/7355;250;635;13
558742/4535;250;637;13
441755/2623;250;637;13
751083/6057;250;637;13
116999/7612;250;637;13
195383/2820;250;639;13
142969/7977;250;639;13
490262/7210;250;639;13
512279/4908;250;639;13
569673/6704;250;641;13
187689/7720;250;641;13
977800/2335;250;641;13
439217/1106;250;641;13
325487/2227;250;643;13
209366/9977;250;643;13
622513/8050;250;643;13
368337/8629;250;643;13
517645/2470;250;646;13
335929/9754;250;646;13
841133/2438;250;646;13
537302/3293;250;646;13
560519/6636;250;649;13
302435/4526;250;649;13
867890/3117;250;649;13
550632/4892;250;649;13
476870/2108;250;601;13
301204/6799;250;601;13
505184/3228;250;601;13
690977/4166;250;601;13
586250/8494;250;603;13
359496/4953;250;603;13
807094/2578;250;603;13
392898/7754;250;603;13
598060/2190;250;605;13
572269/9285;250;605;13
736701/9222;250;605;13
390036/9394;250;605;13
425740/7432;250;607;13
157968/4305;250;607;13
941255/7317;250;607;13
699431/3818;250;607;13
456356/8031;250;609;13
436198/3112;250;609;13
864915/5990;250;609;13
692345/8386;250;609;13
536229/7809;250;611;13
446134/8226;250;611;13
592508/3453;250;611;13
854572/3955;250;611;13
638690/8321;250;613;13
145744/1364;250;613;13
888139/8672;250;613;13
647054/4149;250;613;13
673053/1616;250;615;13
599563/5030;250;615;13
696365/2572;250;615;13
338650/3939;250;615;13
485914/9518;250;617;13
143738/5079;250;617;13
611973/6360;250;617;13
779137/9350;250;617;13
562223/4741;250;619;13
476291/5390;250;619;13
993190/9829;250;619;13
251019/2788;250;619;13
816519/5448;250;621;13
501791/1954;250;621;13
943734/9155;250;621;13
932427/4679;250;621;13
764721/8215;250;623;13
175428/1677;250;623;13
843092/4238;250;623;13
679134/7611;250;623;13
363741/3324;250;625;13
197688/7823;250;625;13
448540/9050;250;625;13
805725/9959;250;625;13
883091/5621;250;627;13
602652/6374;250;627;13
918342/8206;250;627;13
466827/5111;250;627;13
680876/2059;250;629;13
331370/9227;250;629;13
738700/5012;250;629;13
946833/1370;250;629;13
690628/5070;250;631;13
276717/4723;250;631;13
917377/5878;250;631;13
357004/6835;250;631;13
893745/6978;250;645;13
226407/4179;250;645;13
934455/1563;250;645;13
275566/7580;250;645;13
418002/3345;250;647;13
223395/7438;250;647;13
743031/1258;250;647;13
500335/1334;250;647;13
470892/6834;250;650;13
317776/5116;250;650;13
741850/1038;250;650;13
502888/6998;250;650;13
733409/9471;250;732;15
706215/7313;250;732;15
836838/6032;250;732;15
794148/1924;250;732;15
654868/6857;250;716;15
146257/9906;250;716;15
785695/7537;250;716;15
385284/6564;250;716;15
566593/4521;250;740;15
407516/8508;250;740;15
618838/2084;250;740;15
884827/1906;250;740;15
747173/6636;250;708;15
228484/8605;250;708;15
862486/1079;250;708;15
656636/2598;250;708;15
757757/4747;250;724;15
608554/8140;250;724;15
858537/6214;250;724;15
710271/2127;250;724;15
230745/3696;250;736;15
121431/9205;250;736;15
711207/5247;250;736;15
330964/3713;250;736;15
568318/3850;250;744;15
225715/1543;250;744;15
582096/3031;250;744;15
264795/9473;250;744;15
839902/3059;250;704;15
238213/4951;250;704;15
953595/4852;250;704;15
946982/4896;250;704;15
683313/3568;250;712;15
354321/7923;250;712;15
768880/2829;250;712;15
984464/4261;250;712;15
457845/5995;250;720;15
382025/8068;250;720;15
896751/8113;250;720;15
358859/9250;250;720;15
464625/4388;250;728;15
183243/5939;250;728;15
541636/8186;250;728;15
563763/7461;250;728;15
670660/9376;250;734;15
403555/1696;250;734;15
754217/3289;250;734;15
602149/6458;250;734;15
432276/4776;250;738;15
404831/2641;250;738;15
493270/1787;250;738;15
496344/1502;250;738;15
495774/8145;250;742;15
121312/3665;250;742;15
770418/7736;250;742;15
838980/7020;250;742;15
612227/7644;250;748;15
154640/4014;250;748;15
743992/9748;250;748;15
622466/4700;250;748;15
728661/1289;250;702;15
171934/6671;250;702;15
861634/6752;250;702;15
430794/6426;250;702;15
683302/1600;250;706;15
553189/3899;250;706;15
939770/3647;250;706;15
183667/1118;250;706;15
593777/2950;250;710;15
319357/4688;250;710;15
623374/1064;250;710;15
599671/3966;250;710;15
452940/8190;250;714;15
262579/7821;250;714;15
966520/4155;250;714;15
811361/3242;250;714;15
934263/5807;250;718;15
869603/3197;250;718;15
985689/8007;250;718;15
180631/1459;250;718;15
878382/2479;250;722;15
862191/8259;250;722;15
930071/6487;250;722;15
464863/9017;250;722;15
582985/4960;250;726;15
157643/6907;250;726;15
965768/4336;250;726;15
157782/5398;250;726;15
875040/8706;250;730;15
583126/9752;250;730;15
957948/4754;250;730;15
205834/6876;250;730;15
687842/9810;250;733;15
382800/1374;250;733;15
817013/4543;250;733;15
464484/3590;250;733;15
585732/3821;250;735;15
133963/7505;250;735;15
724762/8661;250;735;15
979161/9126;250;735;15
820537/4182;250;737;15
138765/6857;250;737;15
845013/9127;250;737;15
669084/1642;250;737;15
399100/9394;250;739;15
320829/9625;250;739;15
824928/3235;250;739;15
493069/5899;250;739;15
275844/5613;250;741;15
259709/3019;250;741;15
978129/3508;250;741;15
828212/4719;250;741;15
709424/5399;250;743;15
426472/9531;250;743;15
988173/6231;250;743;15
841833/1355;250;743;15
380936/9801;250;746;15
189450/2881;250;746;15
884514/9585;250;746;15
951394/9160;250;746;15
466267/7813;250;749;15
352395/7546;250;749;15
948954/1188;250;749;15
798522/4718;250;749;15
454388/1132;250;701;15
367351/5942;250;701;15
897098/4244;250;701;15
125574/4087;250;701;15
559656/9325;250;703;15
423563/4171;250;703;15
939212/7029;250;703;15
888583/1247;250;703;15
595981/6318;250;705;15
288522/1236;250;705;15
802984/7100;250;705;15
281940/1965;250;705;15
417131/8276;250;707;15
270812/1651;250;707;15
539219/3079;250;707;15
646626/3461;250;707;15
705041/2834;250;709;15
260751/9406;250;709;15
958482/8373;250;709;15
127329/9857;250;709;15
743227/7982;250;711;15
571434/9413;250;711;15
981125/7925;250;711;15
472636/5225;250;711;15
362995/4519;250;713;15
231044/9439;250;713;15
888654/7151;250;713;15
392347/7158;250;713;15
771247/2331;250;715;15
505906/2207;250;715;15
776320/8256;250;715;15
304989/5979;250;715;15
475608/4290;250;717;15
249828/3582;250;717;15
599679/3780;250;717;15
882838/7523;250;717;15
848269/4816;250;719;15
573941/6439;250;719;15
942764/4661;250;719;15
789792/9521;250;719;15
388011/6381;250;721;15
110260/6102;250;721;15
886256/2627;250;721;15
845752/2682;250;721;15
516126/6040;250;723;15
269405/4831;250;723;15
916754/8896;250;723;15
580987/8402;250;723;15
310226/3644;250;725;15
309992/6730;250;725;15
419637/5321;250;725;15
893804/3135;250;725;15
201171/5850;250;727;15
134223/7409;250;727;15
398360/3636;250;727;15
353661/9534;250;727;15
609828/9024;250;729;15
562915/6828;250;729;15
828065/8852;250;729;15
804366/3137;250;729;15
365234/7876;250;731;15
142264/2414;250;731;15
543953/8962;250;731;15
332065/8155;250;731;15
756184/2962;250;745;15
749918/5322;250;745;15
864627/3154;250;745;15
276460/5791;250;745;15
490221/8257;250;747;15
131084/5087;250;747;15
996055/7842;250;747;15
773775/7328;250;747;15
657570/8650;250;750;15
175555/9555;250;750;15
962780/9799;250;750;15
516544/5270;250;750;15
397417/3673;250;932;19
198081/9846;250;932;19
828638/2636;250;932;19
229442/6542;250;932;19
298492/2717;250;916;19
226532/2774;250;916;19
494964/2439;250;916;19
773570/8951;250;916;19
205351/5491;250;940;19
203105/8522;250;940;19
369668/8580;250;940;19
268364/3676;250;940;19
356407/1142;250;908;19
123052/8766;250;908;19
932914/4747;250;908;19
761227/1305;250;908;19
316885/4579;250;924;19
177402/7887;250;924;19
797164/5317;250;924;19
387390/8035;250;924;19
647723/4458;250;936;19
568527/9678;250;936;19
831569/3187;250;936;19
119500/6231;250;936;19
473959/9694;250;944;19
280916/2523;250;944;19
542768/3088;250;944;19
388394/8934;250;944;19
514610/5579;250;904;19
406545/7176;250;904;19
870673/8445;250;904;19
416905/7362;250;904;19
820155/2610;250;912;19
349876/3431;250;912;19
830146/9877;250;912;19
824427/4258;250;912;19
365765/5811;250;920;19
124264/3880;250;920;19
586263/9934;250;920;19
176428/9115;250;920;19
886294/7994;250;928;19
436631/2036;250;928;19
975184/7242;250;928;19
312096/2943;250;928;19
774804/7781;250;934;19
547379/5721;250;934;19
990827/5057;250;934;19
744779/8636;250;934;19
519581/7655;250;938;19
173501/5939;250;938;19
749303/1775;250;938;19
109286/7869;250;938;19
461512/6595;250;942;19
254816/4362;250;942;19
677136/8862;250;942;19
376404/6621;250;942;19
499782/2797;250;948;19
333958/9653;250;948;19
953522/6640;250;948;19
240483/8219;250;948;19
546792/8510;250;902;19
475214/1383;250;902;19
704638/9893;250;902;19
554698/7289;250;902;19
817577/1748;250;906;19
161884/4871;250;906;19
840778/1439;250;906;19
750317/7488;250;906;19
258950/3120;250;910;19
109083/7532;250;910;19
607695/7085;250;910;19
902731/4714;250;910;19
723725/1384;250;914;19
229043/6673;250;914;19
748307/2443;250;914;19
295581/4239;250;914;19
530753/5504;250;918;19
220687/2732;250;918;19
941736/1220;250;918;19
217962/7908;250;918;19
289602/2821;250;922;19
186035/8370;250;922;19
373557/2555;250;922;19
151680/2301;250;922;19
781432/5321;250;926;19
408272/6637;250;926;19
843536/9415;250;926;19
770105/4534;250;926;19
623643/1417;250;930;19
288548/8723;250;930;19
795950/6607;250;930;19
624192/5290;250;930;19
458688/8885;250;933;19
399324/7664;250;933;19
620410/5201;250;933;19
674911/3230;250;933;19
570177/3736;250;935;19
489166/8870;250;935;19
617375/9846;250;935;19
546505/7930;250;935;19
222837/1784;250;937;19
192004/9272;250;937;19
950132/6630;250;937;19
753638/7495;250;937;19
718264/7160;250;939;19
395015/6280;250;939;19
940378/5160;250;939;19
561638/1531;250;939;19
430602/4206;250;941;19
203489/6790;250;941;19
969327/5785;250;941;19
887801/5813;250;941;19
186702/9842;250;943;19
136840/4004;250;943;19
665490/3914;250;943;19
928596/1635;250;943;19
619833/2013;250;946;19
399231/6441;250;946;19
800610/9248;250;946;19
759389/1337;250;946;19
936575/9489;250;949;19
386425/1862;250;949;19
975838/4099;250;949;19
109805/4995;250;949;19
423733/5620;250;901;19
365133/6569;250;901;19
645843/6514;250;901;19
232019/8035;250;901;19
715112/1610;250;903;19
157397/3177;250;903;19
834563/2597;250;903;19
921767/1046;250;903;19
387707/4177;250;905;19
300284/6270;250;905;19
921269/1614;250;905;19
919541/7203;250;905;19
797078/3567;250;907;19
661610/4565;250;907;19
872019/8475;250;907;19
254574/7776;250;907;19
472267/8803;250;909;19
442924/1350;250;909;19
907279/1942;250;909;19
933370/4455;250;909;19
454345/3717;250;911;19
156354/2255;250;911;19
788931/9617;250;911;19
518588/4781;250;911;19
164427/1883;250;913;19
130611/8656;250;913;19
495267/8032;250;913;19
288082/6569;250;913;19
454545/5364;250;915;19
286684/1455;250;915;19
549251/5520;250;915;19
438220/2240;250;915;19
524568/6446;250;917;19
418319/1036;250;917;19
791374/5582;250;917;19
491989/3288;250;917;19
394829/7928;250;919;19
269028/9374;250;919;19
941181/8449;250;919;19
453201/1114;250;919;19
622248/1017;250;921;19
576616/1989;250;921;19
844398/1020;250;921;19
260053/7352;250;921;19
834758/1687;250;923;19
449427/9020;250;923;19
956865/1808;250;923;19
892926/2147;250;923;19
938336/8051;250;925;19
601518/8341;250;925;19
945259/4866;250;925;19
262959/8158;250;925;19
481667/1830;250;927;19
380459/7539;250;927;19
840177/7418;250;927;19
927028/4039;250;927;19
523545/1456;250;929;19
465398/8295;250;929;19
683854/9696;250;929;19
467477/7597;250;929;19
596322/7146;250;931;19
408132/6904;250;931;19
973498/7273;250;931;19
491986/2222;250;931;19
544458/1394;250;945;19
160564/7953;250;945;19
892376/9233;250;945;19
222799/3733;250;945;19
817579/7357;250;947;19
198434/2754;250;947;19
878977/4860;250;947;19
146988/6387;250;947;19
531209/4717;250;950;19
383758/6272;250;950;19
718471/7998;250;950;19
385151/4613;250;950;19
941203/7910;1000;1001;21
